candidate_id,job_id,skill_match_ratio,experience_gap,same_domain,has_certification,placed,days_to_place
C0001,J0104,0.25,3.8,0,1,1,28.0
C0001,J0123,0.4,-0.2,0,1,0,
C0002,J0071,0.2,-1.5,0,0,0,
C0002,J0147,0.0,0.0,0,0,0,
C0002,J0111,0.5,-1.5,1,0,0,
C0003,J0033,0.5,-3.8,0,1,0,
C0003,J0072,0.33,-0.8,0,1,0,
C0004,J0045,0.0,7.5,0,0,0,
C0004,J0009,0.2,3.5,0,0,1,20.0
C0004,J0067,0.0,9.5,0,0,1,26.0
C0005,J0106,0.2,9.6,0,1,0,
C0005,J0001,1.0,11.6,1,1,1,19.0
C0006,J0119,0.0,0.7,0,1,0,
C0006,J0125,0.0,0.7,0,1,0,
C0006,J0126,0.0,-0.3,0,1,0,
C0006,J0047,0.0,-0.3,0,1,0,
C0007,J0007,0.0,-0.9,0,0,1,21.0
C0007,J0082,0.0,-2.9,0,0,0,
C0008,J0054,0.6,-0.4,1,0,1,18.0
C0008,J0094,0.0,4.1,0,0,0,
C0008,J0051,0.0,4.1,0,0,1,34.0
C0009,J0033,0.0,-3.1,0,1,0,
C0009,J0121,0.0,1.4,0,1,0,
C0010,J0114,0.0,-1.8,0,1,0,
C0010,J0091,0.0,-6.8,0,1,0,
C0010,J0150,0.0,-0.8,0,1,0,
C0011,J0087,0.2,-1.5,0,0,0,
C0011,J0024,1.0,-1.5,1,0,1,29.0
C0011,J0031,0.8,-0.5,1,0,0,
C0011,J0150,0.33,0.5,0,0,0,
C0012,J0139,0.6,0.7,1,0,1,8.0
C0012,J0148,0.0,-0.3,0,0,0,
C0012,J0031,0.0,-0.3,0,0,0,
C0013,J0005,0.0,-4.4,0,0,0,
C0013,J0010,0.0,-2.4,0,0,0,
C0014,J0043,0.0,-5.9,0,0,0,
C0014,J0001,0.0,-1.9,0,0,0,
C0014,J0075,0.0,0.1,0,0,0,
C0015,J0125,0.0,-0.9,0,0,1,31.0
C0015,J0092,0.0,-2.9,0,0,0,
C0016,J0135,0.0,6.3,0,1,1,32.0
C0016,J0008,0.0,3.8,0,1,0,
C0016,J0142,0.0,5.8,0,1,1,34.0
C0017,J0087,0.2,-0.5,0,1,0,
C0017,J0030,0.33,0.5,0,1,1,23.0
C0018,J0025,0.0,-0.5,0,1,0,
C0018,J0005,0.0,-3.5,0,1,0,
C0018,J0097,0.25,-3.5,1,1,0,
C0018,J0050,0.0,1.0,0,1,0,
C0019,J0062,0.0,8.1,0,0,0,
C0019,J0001,0.2,7.1,0,0,0,
C0019,J0120,0.25,7.1,0,0,0,
C0020,J0004,0.25,-2.1,0,1,0,
C0020,J0002,0.67,-2.1,1,1,0,
C0021,J0011,1.0,-0.5,1,0,0,
C0021,J0110,0.0,-0.5,0,0,0,
C0022,J0026,0.0,3.2,0,1,0,
C0022,J0115,0.0,-3.3,0,1,0,
C0023,J0042,0.0,6.8,0,1,0,
C0023,J0018,0.0,7.3,0,1,0,
C0023,J0032,0.0,6.8,0,1,0,
C0023,J0024,0.0,4.8,0,1,0,
C0024,J0034,0.0,0.9,0,0,0,
C0024,J0006,0.0,-0.1,0,0,0,
C0024,J0134,0.0,-0.1,0,0,0,
C0025,J0149,0.0,0.3,0,0,0,
C0025,J0146,0.0,2.8,0,0,0,
C0025,J0084,0.0,1.3,0,0,0,
C0025,J0088,0.67,1.3,1,0,1,24.0
C0026,J0107,0.0,3.5,0,0,0,
C0026,J0131,0.0,4.5,0,0,1,23.0
C0026,J0061,0.0,6.0,0,0,0,
C0027,J0048,0.0,3.7,0,0,0,
C0027,J0135,0.8,5.2,1,0,1,18.0
C0028,J0085,0.0,0.0,0,0,0,
C0028,J0097,0.0,-3.0,0,0,1,22.0
C0028,J0052,0.75,-5.0,1,0,0,
C0028,J0003,0.6,1.0,1,0,0,
C0029,J0059,0.2,1.2,0,1,0,
C0029,J0023,0.0,-0.3,0,1,0,
C0029,J0099,0.0,0.7,0,1,0,
C0029,J0018,0.2,1.2,0,1,1,25.0
C0030,J0110,0.0,-0.9,0,1,0,
C0030,J0021,0.0,0.1,0,1,1,22.0
C0031,J0060,0.0,-4.2,0,0,0,
C0031,J0065,0.0,-4.2,0,0,0,
C0032,J0009,0.0,-6.8,0,0,0,
C0032,J0132,0.0,-0.8,0,0,0,
C0033,J0054,0.0,-2.1,0,0,0,
C0033,J0038,0.0,1.9,0,0,0,
C0033,J0003,0.0,1.9,0,0,1,27.0
C0034,J0062,0.0,2.9,0,1,1,37.0
C0034,J0027,0.0,-2.1,0,1,0,
C0034,J0005,0.33,-0.1,0,1,0,
C0035,J0006,0.0,-1.8,0,0,0,
C0035,J0050,1.0,0.7,1,0,1,10.0
C0036,J0134,0.6,-2.7,1,0,0,
C0036,J0067,0.0,-0.7,0,0,0,
C0037,J0103,0.0,0.3,0,0,0,
C0037,J0140,1.0,-1.7,1,0,1,9.0
C0037,J0144,0.0,0.8,0,0,1,30.0
C0037,J0081,0.2,-0.7,0,0,0,
C0038,J0080,0.0,1.1,0,0,0,
C0038,J0023,1.0,-0.4,1,0,1,13.0
C0039,J0139,0.8,-0.2,1,0,1,20.0
C0039,J0113,0.0,-1.2,0,0,0,
C0040,J0127,0.25,2.6,0,1,0,
C0040,J0058,0.0,-1.4,0,1,0,
C0041,J0119,0.4,-0.1,0,1,0,
C0041,J0101,0.2,-2.1,0,1,0,
C0041,J0058,0.0,-4.1,0,1,0,
C0041,J0087,0.4,-2.1,0,1,0,
C0042,J0020,0.0,0.5,0,1,0,
C0042,J0098,0.33,0.5,0,1,1,22.0
C0043,J0053,0.0,-0.4,0,0,0,
C0043,J0125,0.5,0.6,1,0,1,21.0
C0043,J0072,0.0,-0.4,0,0,0,
C0044,J0073,0.0,-4.2,0,0,0,
C0044,J0060,0.0,-6.2,0,0,0,
C0044,J0094,0.0,0.3,0,0,0,
C0044,J0103,0.67,-0.2,1,0,0,
C0045,J0027,0.0,-4.6,0,0,0,
C0045,J0046,0.0,0.4,0,0,1,38.0
C0045,J0072,1.0,0.4,1,0,1,18.0
C0045,J0144,0.0,1.9,0,0,0,
C0046,J0140,0.4,-2.2,0,0,0,
C0046,J0145,0.0,-1.2,0,0,0,
C0046,J0014,0.25,-4.2,0,0,0,
C0046,J0120,0.25,-2.2,0,0,0,
C0047,J0102,0.0,10.3,0,1,0,
C0047,J0077,0.0,5.3,0,1,0,
C0048,J0099,0.0,4.4,0,0,1,24.0
C0048,J0136,0.0,4.4,0,0,0,
C0048,J0010,0.75,2.4,1,0,1,25.0
C0048,J0017,0.0,4.4,0,0,0,
C0049,J0010,0.0,2.9,0,0,0,
C0049,J0123,0.0,0.9,0,0,1,33.0
C0049,J0144,0.33,5.4,1,0,1,23.0
C0050,J0014,0.75,-2.8,1,1,0,
C0050,J0040,0.2,0.2,0,1,0,
C0051,J0146,0.0,8.0,0,0,0,
C0051,J0038,0.0,7.5,0,0,0,
C0051,J0024,0.33,5.5,0,0,0,
C0052,J0096,0.0,-0.6,0,0,0,
C0052,J0101,1.0,-2.6,1,0,1,19.0
C0052,J0099,0.0,-0.6,0,0,0,
C0052,J0136,0.0,-0.6,0,0,0,
C0053,J0046,0.0,0.3,0,0,1,34.0
C0053,J0101,0.0,-0.7,0,0,0,
C0053,J0067,0.0,1.3,0,0,1,35.0
C0054,J0077,0.8,-1.9,1,0,1,24.0
C0054,J0078,0.0,4.1,0,0,1,27.0
C0055,J0128,0.0,14.0,0,0,0,
C0055,J0097,0.0,10.0,0,0,1,26.0
C0055,J0109,0.0,14.0,0,0,0,
C0056,J0132,0.0,2.0,0,0,0,
C0056,J0031,0.4,1.0,0,0,1,23.0
C0056,J0117,0.0,-2.0,0,0,0,
C0056,J0121,1.0,2.5,1,0,1,6.0
C0057,J0108,0.25,0.6,0,0,0,
C0057,J0042,1.0,4.6,1,0,0,
C0058,J0131,0.25,1.1,0,0,1,21.0
C0058,J0105,0.0,2.6,0,0,1,20.0
C0058,J0125,0.0,2.1,0,0,0,
C0058,J0146,0.33,2.6,0,0,0,
C0059,J0149,0.0,0.3,0,0,1,35.0
C0059,J0065,0.0,-3.7,0,0,0,
C0059,J0056,0.5,0.3,1,0,0,
C0059,J0072,0.0,1.3,0,0,0,
C0060,J0114,0.0,1.3,0,0,0,
C0060,J0126,0.0,1.3,0,0,0,
C0060,J0117,0.4,-1.7,1,0,0,
C0060,J0110,0.0,1.3,0,0,1,34.0
C0061,J0065,0.0,-5.0,0,1,1,22.0
C0061,J0113,0.0,0.0,0,1,0,
C0061,J0003,0.0,1.0,0,1,0,
C0062,J0012,1.0,3.2,1,0,1,23.0
C0062,J0122,0.25,1.7,0,0,0,
C0062,J0009,0.2,-3.3,0,0,1,23.0
C0063,J0026,0.0,0.9,0,1,0,
C0063,J0106,0.0,-3.6,0,1,0,
C0063,J0128,0.0,0.4,0,1,0,
C0064,J0092,0.0,-0.5,0,0,0,
C0064,J0051,0.25,2.0,0,0,1,18.0
C0065,J0092,0.75,-2.1,1,1,1,6.0
C0065,J0100,0.0,-4.1,0,1,0,
C0065,J0085,0.0,-1.1,0,1,0,
C0066,J0097,0.0,1.7,0,1,0,
C0066,J0090,0.33,5.7,0,1,1,18.0
C0066,J0130,0.67,3.7,1,1,0,
C0067,J0125,0.0,2.1,0,1,0,
C0067,J0077,0.4,-3.9,1,1,0,
C0068,J0102,0.0,1.8,0,0,0,
C0068,J0038,0.0,2.8,0,0,0,
C0068,J0030,0.0,1.8,0,0,0,
C0068,J0094,0.0,3.3,0,0,0,
C0069,J0058,0.5,-4.9,1,0,1,29.0
C0069,J0028,0.0,-0.9,0,0,0,
C0069,J0101,0.0,-2.9,0,0,0,
C0070,J0107,0.25,4.4,0,0,1,25.0
C0070,J0085,0.8,5.4,1,0,1,8.0
C0070,J0142,0.33,6.4,0,0,0,
C0070,J0094,0.33,6.9,0,0,0,
C0071,J0046,0.2,-0.8,0,0,0,
C0071,J0011,0.25,-0.8,0,0,0,
C0071,J0001,0.2,-1.8,0,0,1,28.0
C0071,J0064,0.5,0.2,0,0,1,23.0
C0072,J0057,0.0,0.8,0,0,1,20.0
C0072,J0026,0.0,5.3,0,0,0,
C0073,J0074,0.67,-2.1,1,0,1,30.0
C0073,J0080,0.0,0.4,0,0,0,
C0073,J0109,0.8,-0.1,1,0,1,15.0
C0073,J0005,0.0,-4.1,0,0,0,
C0074,J0043,0.8,1.3,1,0,1,16.0
C0074,J0030,0.67,6.3,1,0,0,
C0074,J0080,0.0,7.8,0,0,0,
C0074,J0057,0.25,3.3,0,0,1,28.0
C0075,J0091,0.0,-6.3,0,0,0,
C0075,J0077,0.0,-6.3,0,0,0,
C0076,J0146,0.0,1.7,0,1,0,
C0076,J0098,0.0,1.7,0,1,0,
C0076,J0127,0.0,1.2,0,1,0,
C0077,J0133,0.0,-1.6,0,0,0,
C0077,J0138,0.25,-2.6,0,0,0,
C0077,J0124,0.0,-6.6,0,0,0,
C0078,J0125,0.0,4.0,0,1,1,41.0
C0078,J0097,0.25,0.0,1,1,1,24.0
C0078,J0057,0.0,0.0,0,1,0,
C0078,J0064,0.0,4.0,0,1,0,
C0079,J0094,0.33,-0.2,1,1,1,18.0
C0079,J0149,0.0,-2.7,0,1,0,
C0080,J0129,0.0,-3.9,0,1,0,
C0080,J0064,0.0,2.1,0,1,0,
C0080,J0070,0.0,0.1,0,1,0,
C0081,J0039,1.0,3.5,1,0,0,
C0081,J0018,1.0,6.0,1,0,1,14.0
C0081,J0109,0.2,5.5,0,0,1,28.0
C0082,J0070,0.25,-0.4,0,0,0,
C0082,J0049,0.33,1.6,0,0,0,
C0082,J0132,0.0,1.6,0,0,0,
C0083,J0100,0.0,7.0,0,1,0,
C0083,J0079,0.0,11.0,0,1,0,
C0083,J0054,0.0,7.0,0,1,0,
C0083,J0060,0.2,5.0,0,1,1,34.0
C0084,J0107,0.0,-2.9,0,0,0,
C0084,J0039,0.0,-2.9,0,0,0,
C0084,J0048,0.0,-1.9,0,0,1,36.0
C0085,J0092,0.5,-1.8,1,0,0,
C0085,J0125,0.0,0.2,0,0,0,
C0085,J0076,0.67,0.2,1,0,0,
C0086,J0011,0.0,0.9,0,0,1,25.0
C0086,J0075,0.0,1.9,0,0,0,
C0086,J0146,0.0,2.4,0,0,0,
C0086,J0061,0.8,2.4,1,0,1,23.0
C0087,J0149,0.0,-1.4,0,0,0,
C0087,J0001,0.0,-1.4,0,0,0,
C0088,J0060,1.0,4.2,1,0,0,
C0088,J0090,0.33,10.2,0,0,0,
C0088,J0069,1.0,8.2,1,0,1,14.0
C0088,J0142,1.0,10.2,1,0,1,18.0
C0089,J0116,0.0,-0.5,0,1,0,
C0089,J0042,0.0,0.5,0,1,0,
C0090,J0094,0.33,-0.4,0,1,0,
C0090,J0069,0.25,-2.9,0,1,1,14.0
C0090,J0114,0.8,-1.9,1,1,0,
C0091,J0122,0.25,1.5,0,1,1,27.0
C0091,J0051,0.25,3.0,0,1,0,
C0092,J0090,0.0,-0.1,0,1,0,
C0092,J0037,1.0,0.4,1,1,1,12.0
C0092,J0040,0.2,-1.1,0,1,0,
C0092,J0123,0.2,-4.1,0,1,0,
C0093,J0090,0.0,7.2,0,0,0,
C0093,J0101,0.0,5.2,0,0,0,
C0094,J0145,0.5,0.4,1,0,0,
C0094,J0012,0.0,1.9,0,0,1,16.0
C0095,J0082,0.75,-0.5,1,0,0,
C0095,J0039,0.0,-0.5,0,0,0,
C0095,J0002,0.0,-4.5,0,0,0,
C0095,J0097,0.0,-2.5,0,0,0,
C0096,J0076,0.0,-0.6,0,0,0,
C0096,J0045,0.0,-2.6,0,0,0,
C0097,J0048,0.67,9.7,1,0,1,22.0
C0097,J0150,0.0,10.7,0,0,0,
C0097,J0128,0.0,10.7,0,0,0,
C0097,J0115,0.33,4.7,1,0,1,33.0
C0098,J0002,0.0,-5.0,0,0,0,
C0098,J0086,0.0,1.0,0,0,0,
C0098,J0096,0.0,1.0,0,0,0,
C0098,J0067,0.0,1.0,0,0,0,
C0099,J0115,0.0,-3.9,0,1,0,
C0099,J0090,0.67,2.1,1,1,1,26.0
C0099,J0005,0.33,-1.9,0,1,0,
C0099,J0084,0.25,1.1,0,1,0,
C0100,J0117,0.0,-4.9,0,1,0,
C0100,J0034,0.4,-1.9,0,1,0,
C0100,J0079,1.0,-0.9,1,1,0,
C0100,J0095,1.0,-2.9,1,1,1,21.0
C0101,J0074,0.0,-0.9,0,1,1,37.0
C0101,J0039,0.0,-0.9,0,1,0,
C0101,J0076,0.0,1.1,0,1,0,
C0102,J0141,0.33,-0.3,0,0,0,
C0102,J0135,1.0,-0.3,1,0,0,
C0103,J0146,0.0,2.5,0,1,1,20.0
C0103,J0134,0.8,0.0,1,1,0,
C0104,J0082,0.0,0.1,0,0,1,33.0
C0104,J0136,0.0,2.1,0,0,0,
C0104,J0128,0.67,2.1,1,0,1,29.0
C0105,J0039,0.0,0.0,0,1,0,
C0105,J0070,0.0,0.0,0,1,0,
C0106,J0077,0.0,-6.3,0,0,0,
C0106,J0060,0.4,-6.3,0,0,1,7.0
C0106,J0149,0.0,-2.3,0,0,0,
C0106,J0059,0.2,0.2,0,0,1,26.0
C0107,J0140,0.2,-2.9,0,0,0,
C0107,J0097,0.0,-4.9,0,0,0,
C0107,J0125,0.25,-0.9,0,0,0,
C0108,J0061,0.0,0.7,0,0,0,
C0108,J0020,0.67,0.7,1,0,1,21.0
C0109,J0011,0.25,-1.1,0,1,0,
C0109,J0068,0.2,-4.1,0,1,0,
C0110,J0088,0.0,1.0,0,1,0,
C0110,J0106,0.0,-2.0,0,1,0,
C0111,J0007,0.0,9.3,0,0,0,
C0111,J0148,0.0,8.3,0,0,1,36.0
C0111,J0074,0.0,7.3,0,0,0,
C0112,J0103,0.0,3.9,0,0,0,
C0112,J0061,0.0,4.4,0,0,0,
C0113,J0055,0.0,-0.1,0,1,0,
C0113,J0034,0.2,-1.1,0,1,0,
C0114,J0030,0.0,3.9,0,1,0,
C0114,J0078,1.0,4.9,1,1,1,12.0
C0114,J0082,0.0,2.9,0,1,0,
C0115,J0103,0.0,-0.2,0,0,1,32.0
C0115,J0150,0.33,-0.2,0,0,0,
C0116,J0111,0.0,3.3,0,1,0,
C0116,J0053,0.0,3.3,0,1,0,
C0117,J0067,0.0,-0.8,0,1,0,
C0117,J0003,0.2,-0.8,0,1,0,
C0117,J0121,0.33,-0.3,0,1,0,
C0118,J0054,0.0,-3.8,0,1,0,
C0118,J0071,0.2,-0.8,0,1,0,
C0118,J0066,0.2,0.2,0,1,1,25.0
C0119,J0144,0.33,1.5,1,0,0,
C0119,J0069,0.0,-1.0,0,0,0,
C0119,J0110,0.0,0.0,0,0,0,
C0120,J0143,0.0,-0.8,0,1,0,
C0120,J0125,1.0,0.2,1,1,1,23.0
C0120,J0013,0.0,0.2,0,1,0,
C0120,J0074,1.0,-1.8,1,1,0,
C0121,J0025,0.0,2.6,0,1,0,
C0121,J0134,0.0,1.6,0,1,1,33.0
C0122,J0013,0.0,-0.8,0,0,1,31.0
C0122,J0037,0.0,-0.3,0,0,0,
C0122,J0110,0.0,-1.8,0,0,0,
C0123,J0064,0.5,1.4,0,1,0,
C0123,J0131,0.25,0.4,0,1,0,
C0123,J0046,0.2,0.4,0,1,0,
C0123,J0049,0.0,1.4,0,1,1,28.0
C0124,J0088,0.0,2.3,0,0,0,
C0124,J0075,0.4,3.3,0,0,0,
C0124,J0141,0.0,3.8,0,0,0,
C0125,J0068,0.0,-3.3,0,0,0,
C0125,J0005,0.0,-3.3,0,0,0,
C0125,J0093,0.0,-0.3,0,0,0,
C0125,J0105,0.0,1.2,0,0,0,
C0126,J0025,1.0,1.7,1,0,1,8.0
C0126,J0142,0.0,2.7,0,0,1,36.0
C0126,J0079,0.0,2.7,0,0,0,
C0127,J0113,0.33,0.6,0,1,0,
C0127,J0143,0.0,0.6,0,1,0,
C0127,J0027,0.0,-4.4,0,1,0,
C0127,J0137,1.0,0.6,1,1,1,14.0
C0128,J0036,0.0,8.3,0,1,0,
C0128,J0089,0.0,6.8,0,1,0,
C0128,J0031,0.0,6.8,0,1,1,27.0
C0129,J0060,0.6,-3.3,1,0,1,26.0
C0129,J0107,0.25,0.7,0,0,0,
C0129,J0028,0.2,2.7,0,0,0,
C0129,J0141,0.33,3.2,0,0,1,28.0
C0130,J0063,0.0,-0.3,0,0,0,
C0130,J0087,0.2,-1.3,0,0,1,29.0
C0130,J0028,0.2,0.7,0,0,1,21.0
C0131,J0110,0.0,-1.1,0,0,0,
C0131,J0043,0.0,-6.1,0,0,0,
C0132,J0079,0.0,-0.6,0,1,1,27.0
C0132,J0100,0.0,-4.6,0,1,1,27.0
C0132,J0136,0.0,-0.6,0,1,0,
C0132,J0115,0.0,-6.6,0,1,0,
C0133,J0002,0.0,-3.6,0,0,0,
C0133,J0080,0.0,2.9,0,0,0,
C0133,J0119,0.0,2.4,0,0,0,
C0133,J0034,0.0,1.4,0,0,0,
C0134,J0049,0.0,0.0,0,0,0,
C0134,J0130,0.0,-2.0,0,0,0,
C0135,J0008,0.2,1.9,0,0,0,
C0135,J0065,0.33,-2.1,0,0,0,
C0135,J0035,0.0,1.9,0,0,0,
C0135,J0118,0.33,3.9,0,0,1,19.0
C0136,J0077,0.0,-0.3,0,1,0,
C0136,J0095,0.25,3.7,0,1,0,
C0136,J0117,0.0,1.7,0,1,0,
C0136,J0068,0.2,1.7,0,1,1,32.0
C0137,J0084,0.75,-1.1,1,0,1,11.0
C0137,J0028,0.0,-0.1,0,0,0,
C0137,J0020,0.0,0.4,0,0,0,
C0138,J0060,0.0,-4.0,0,0,0,
C0138,J0128,0.0,2.0,0,0,1,19.0
C0138,J0146,0.0,2.5,0,0,1,33.0
C0138,J0040,0.0,1.0,0,0,1,29.0
C0139,J0038,0.0,2.6,0,1,1,26.0
C0139,J0041,0.0,-1.4,0,1,0,
C0139,J0108,0.0,-1.4,0,1,0,
C0139,J0016,0.0,1.6,0,1,1,45.0
C0140,J0030,0.0,-1.0,0,1,0,
C0140,J0086,0.0,0.0,0,1,0,
C0140,J0064,0.0,0.0,0,1,0,
C0141,J0026,1.0,-0.2,1,0,1,10.0
C0141,J0009,0.2,-6.7,0,0,0,
C0141,J0040,1.0,-1.7,1,0,1,18.0
C0142,J0121,0.0,1.4,0,0,1,37.0
C0142,J0042,0.0,0.9,0,0,0,
C0142,J0125,0.0,0.9,0,0,0,
C0143,J0077,0.0,-5.7,0,0,0,
C0143,J0104,1.0,0.3,1,0,1,14.0
C0143,J0028,0.0,0.3,0,0,0,
C0143,J0012,0.33,0.8,0,0,0,
C0144,J0087,0.0,-0.7,0,1,0,
C0144,J0014,0.0,-2.7,0,1,0,
C0145,J0028,0.0,-0.1,0,0,0,
C0145,J0058,0.0,-4.1,0,0,0,
C0145,J0084,0.0,-1.1,0,0,0,
C0145,J0103,0.67,-0.1,1,0,0,
C0146,J0140,0.2,6.0,0,1,0,
C0146,J0083,0.2,8.0,0,1,1,12.0
C0146,J0080,0.0,8.5,0,1,0,
C0146,J0025,0.0,7.0,0,1,0,
C0147,J0044,0.0,-4.7,0,0,0,
C0147,J0131,0.25,-1.7,0,0,1,19.0
C0147,J0042,1.0,-0.7,1,0,1,6.0
C0148,J0088,0.0,-1.9,0,1,0,
C0148,J0065,0.0,-6.9,0,1,1,23.0
C0148,J0078,0.0,-0.9,0,1,0,
C0148,J0070,0.0,-2.9,0,1,0,
C0149,J0050,0.0,12.2,0,1,1,34.0
C0149,J0046,0.0,10.7,0,1,1,33.0
C0150,J0064,0.25,9.5,0,1,0,
C0150,J0069,0.25,7.5,0,1,0,
C0150,J0028,0.0,9.5,0,1,0,
C0151,J0051,0.0,-0.4,0,0,0,
C0151,J0016,0.5,-1.9,1,0,1,19.0
C0151,J0001,0.0,-2.9,0,0,0,
C0152,J0098,1.0,5.5,1,1,1,13.0
C0152,J0071,1.0,4.0,1,1,1,14.0
C0153,J0048,0.67,5.3,1,1,1,22.0
C0153,J0129,0.67,0.3,1,1,0,
C0154,J0111,0.25,3.7,0,0,0,
C0154,J0082,0.0,2.7,0,0,1,31.0
C0155,J0149,0.5,-2.1,1,0,0,
C0155,J0017,0.0,-0.1,0,0,0,
C0156,J0080,0.67,2.8,1,0,0,
C0156,J0114,0.0,1.3,0,0,0,
C0157,J0025,0.0,-1.9,0,0,0,
C0157,J0145,0.0,-1.9,0,0,0,
C0157,J0059,1.0,-0.4,1,0,1,28.0
C0157,J0017,0.0,-0.9,0,0,0,
C0158,J0068,0.0,-2.8,0,0,0,
C0158,J0018,0.0,1.7,0,0,0,
C0158,J0081,0.6,0.2,1,0,0,
C0158,J0001,0.0,-0.8,0,0,0,
C0159,J0074,0.0,-2.7,0,0,0,
C0159,J0101,0.4,-2.7,1,0,0,
C0159,J0141,0.33,-0.2,1,0,0,
C0160,J0145,0.0,-1.9,0,1,0,
C0160,J0001,0.0,-2.9,0,1,0,
C0161,J0063,0.33,2.9,1,1,0,
C0161,J0018,0.0,4.4,0,1,0,
C0161,J0129,0.0,-2.1,0,1,0,
C0161,J0008,0.0,1.9,0,1,0,
C0162,J0055,0.0,0.3,0,0,0,
C0162,J0058,1.0,-3.7,1,0,1,13.0
C0163,J0054,0.0,-4.7,0,0,0,
C0163,J0133,0.25,-1.7,0,0,0,
C0163,J0063,0.0,-1.7,0,0,0,
C0163,J0053,0.0,-1.7,0,0,0,
C0164,J0136,0.0,3.6,0,1,0,
C0164,J0079,0.25,3.6,0,1,0,
C0164,J0128,0.0,3.6,0,1,1,30.0
C0164,J0048,0.0,2.6,0,1,0,
C0165,J0028,0.2,2.6,0,0,1,30.0
C0165,J0022,0.0,-3.4,0,0,0,
C0165,J0059,1.0,3.1,1,0,1,15.0
C0166,J0112,0.0,0.0,0,0,0,
C0166,J0141,0.33,1.5,1,0,1,21.0
C0167,J0139,0.0,1.9,0,0,0,
C0167,J0143,0.6,0.9,1,0,1,24.0
C0167,J0031,0.0,0.9,0,0,0,
C0168,J0063,0.0,-1.2,0,0,0,
C0168,J0131,0.5,-1.2,0,0,0,
C0169,J0071,1.0,0.6,1,1,1,17.0
C0169,J0004,1.0,-4.4,1,1,1,11.0
C0169,J0007,0.2,1.6,0,1,0,
C0169,J0078,0.2,1.6,0,1,0,
C0170,J0096,0.0,-0.4,0,1,0,
C0170,J0076,1.0,-0.4,1,1,0,
C0171,J0078,0.0,1.2,0,1,1,25.0
C0171,J0120,0.0,-0.8,0,1,0,
C0171,J0010,0.0,-0.8,0,1,0,
C0172,J0055,0.0,-0.9,0,0,0,
C0172,J0015,0.0,-0.9,0,0,0,
C0173,J0065,0.0,-6.9,0,0,0,
C0173,J0051,0.0,-0.4,0,0,0,
C0174,J0057,0.0,-4.3,0,0,0,
C0174,J0146,0.33,0.2,0,0,1,23.0
C0175,J0003,0.4,0.2,1,0,1,21.0
C0175,J0017,0.0,0.2,0,0,0,
C0175,J0107,0.0,-1.8,0,0,0,
C0175,J0039,0.33,-1.8,0,0,0,
C0176,J0098,0.0,-0.2,0,1,0,
C0176,J0027,0.0,-6.7,0,1,0,
C0176,J0050,0.0,-0.2,0,1,0,
C0176,J0131,0.25,-1.7,0,1,0,
C0177,J0069,0.25,-3.0,0,0,0,
C0177,J0058,0.0,-5.0,0,0,0,
C0178,J0040,0.4,-1.4,0,0,0,
C0178,J0150,0.33,-0.4,0,0,0,
C0179,J0047,0.6,-1.2,1,0,1,24.0
C0179,J0092,0.0,-2.2,0,0,0,
C0179,J0095,0.25,-2.2,0,0,0,
C0179,J0048,0.0,-1.2,0,0,0,
C0180,J0011,0.0,2.1,0,0,0,
C0180,J0078,0.0,3.1,0,0,0,
C0181,J0056,0.0,0.5,0,1,0,
C0181,J0014,0.0,-1.5,0,1,0,
C0181,J0095,0.0,0.5,0,1,0,
C0181,J0100,0.0,-1.5,0,1,0,
C0182,J0073,0.0,-4.7,0,0,0,
C0182,J0001,0.0,-2.7,0,0,0,
C0183,J0120,0.0,-2.7,0,0,0,
C0183,J0012,0.0,-0.2,0,0,0,
C0183,J0067,1.0,-0.7,1,0,0,
C0183,J0101,0.6,-2.7,1,0,1,22.0
C0184,J0123,0.0,-3.8,0,0,0,
C0184,J0140,0.0,-1.8,0,0,0,
C0184,J0115,0.0,-5.8,0,0,0,
C0184,J0029,0.33,-1.8,1,0,0,
C0185,J0030,0.0,-1.2,0,0,0,
C0185,J0045,0.0,-2.2,0,0,0,
C0186,J0053,0.0,2.7,0,0,0,
C0186,J0033,0.25,-0.3,0,0,0,
C0186,J0108,0.25,-0.3,0,0,1,22.0
C0186,J0041,0.75,-0.3,1,0,0,
C0187,J0002,0.33,-3.0,0,0,0,
C0187,J0110,0.6,2.0,1,0,0,
C0187,J0040,0.2,2.0,0,0,1,18.0
C0187,J0118,0.0,3.0,0,0,0,
C0188,J0093,0.2,-1.6,0,0,1,23.0
C0188,J0086,0.25,-0.6,0,0,0,
C0188,J0130,0.0,-2.6,0,0,0,
C0189,J0103,0.0,1.8,0,0,0,
C0189,J0150,0.0,1.8,0,0,0,
C0190,J0069,0.0,-0.2,0,0,1,37.0
C0190,J0092,0.5,-0.2,1,0,0,
C0191,J0141,0.0,0.9,0,1,0,
C0191,J0143,0.0,-0.6,0,1,0,
C0191,J0076,0.67,0.4,1,1,0,
C0192,J0002,0.0,-6.0,0,1,0,
C0192,J0097,0.0,-4.0,0,1,0,
C0192,J0129,0.0,-6.0,0,1,0,
C0192,J0082,0.0,-2.0,0,1,0,
C0193,J0130,0.33,-2.8,0,1,1,34.0
C0193,J0104,0.25,-0.8,0,1,0,
C0194,J0022,0.0,-6.6,0,1,0,
C0194,J0016,0.0,-1.6,0,1,0,
C0194,J0136,0.0,-0.6,0,1,0,
C0194,J0127,0.25,-0.6,0,1,1,25.0
C0195,J0085,0.4,-2.0,0,0,0,
C0195,J0101,0.2,-3.0,0,0,0,
C0195,J0139,0.0,-1.0,0,0,0,
C0195,J0043,0.4,-7.0,0,0,0,
C0196,J0027,0.4,-3.7,1,0,0,
C0196,J0144,0.33,2.8,1,0,0,
C0196,J0096,0.0,2.3,0,0,0,
C0196,J0109,0.0,2.3,0,0,0,
C0197,J0105,1.0,1.4,1,0,1,6.0
C0197,J0100,0.0,-3.1,0,0,0,
C0198,J0143,0.0,-0.8,0,0,0,
C0198,J0105,0.0,0.7,0,0,0,
C0198,J0096,0.25,0.2,0,0,0,
C0199,J0132,0.0,1.3,0,1,1,22.0
C0199,J0119,0.0,1.3,0,1,0,
C0200,J0007,0.0,1.6,0,0,0,
C0200,J0052,0.0,-4.4,0,0,0,
C0200,J0034,0.0,0.6,0,0,0,
C0201,J0032,0.33,1.7,0,0,0,
C0201,J0014,0.5,-2.3,1,0,0,
C0201,J0093,0.2,0.7,0,0,0,
C0202,J0090,0.0,-0.8,0,0,0,
C0202,J0051,0.0,-0.3,0,0,0,
C0202,J0127,0.0,-0.8,0,0,0,
C0202,J0105,0.0,-0.3,0,0,0,
C0203,J0029,0.0,-2.7,0,0,0,
C0203,J0066,0.2,-0.7,0,0,0,
C0203,J0108,0.75,-4.7,1,0,0,
C0203,J0016,0.0,-1.7,0,0,0,
C0204,J0077,0.0,-4.3,0,0,0,
C0204,J0033,0.0,-2.3,0,0,0,
C0204,J0119,0.0,1.7,0,0,0,
C0205,J0054,0.0,-4.7,0,1,0,
C0205,J0142,0.0,-0.7,0,1,0,
C0205,J0036,0.0,-0.2,0,1,0,
C0205,J0097,0.75,-4.7,1,1,0,
C0206,J0096,0.0,-0.6,0,1,0,
C0206,J0048,0.0,-1.6,0,1,0,
C0206,J0149,0.0,-2.6,0,1,0,
C0206,J0036,0.0,-0.1,0,1,0,
C0207,J0110,0.0,-0.6,0,1,0,
C0207,J0080,0.0,0.9,0,1,0,
C0207,J0093,0.2,-0.6,0,1,0,
C0207,J0112,0.33,-0.6,0,1,0,
C0208,J0069,0.0,2.5,0,1,1,21.0
C0208,J0082,0.0,2.5,0,1,0,
C0208,J0070,1.0,2.5,1,1,1,10.0
C0208,J0087,0.0,2.5,0,1,0,
C0209,J0073,0.25,-0.2,0,0,0,
C0209,J0010,0.5,1.8,0,0,1,14.0
C0209,J0067,0.33,3.8,0,0,0,
C0209,J0145,0.0,2.8,0,0,0,
C0210,J0061,0.6,2.8,1,0,1,6.0
C0210,J0010,0.0,0.3,0,0,0,
C0210,J0137,0.0,1.3,0,0,0,
C0211,J0022,0.0,-4.3,0,0,1,34.0
C0211,J0097,0.0,-2.3,0,0,1,27.0
C0211,J0077,0.0,-4.3,0,0,0,
C0212,J0118,1.0,0.4,1,0,1,20.0
C0212,J0034,1.0,-0.6,1,0,0,
C0213,J0089,0.0,-0.3,0,0,0,
C0213,J0143,0.0,-0.3,0,0,0,
C0213,J0094,1.0,1.2,1,0,0,
C0213,J0039,0.67,-1.3,1,0,1,23.0
C0214,J0086,0.25,0.5,0,1,0,
C0214,J0096,0.25,0.5,0,1,1,21.0
C0215,J0022,0.0,-4.7,0,0,0,
C0215,J0083,0.2,1.3,0,0,0,
C0215,J0014,0.0,-2.7,0,0,0,
C0215,J0107,0.0,-0.7,0,0,0,
C0216,J0017,0.0,0.2,0,1,0,
C0216,J0132,0.6,0.2,1,1,0,
C0217,J0116,0.25,0.1,0,0,0,
C0217,J0149,0.25,-0.9,0,0,0,
C0217,J0041,0.75,-2.9,1,0,1,19.0
C0218,J0057,0.0,-4.5,0,0,0,
C0218,J0124,0.0,-6.5,0,0,0,
C0219,J0092,0.0,-2.5,0,1,0,
C0219,J0066,0.0,-0.5,0,1,0,
C0219,J0090,0.0,-0.5,0,1,0,
C0220,J0032,0.0,5.3,0,1,0,
C0220,J0030,0.0,4.3,0,1,0,
C0220,J0034,0.0,4.3,0,1,0,
C0221,J0113,0.0,-0.6,0,1,0,
C0221,J0146,0.0,0.9,0,1,1,27.0
C0221,J0128,0.0,0.4,0,1,0,
C0222,J0078,0.8,3.8,1,0,1,28.0
C0222,J0099,0.0,3.8,0,0,0,
C0222,J0135,0.0,4.3,0,0,1,21.0
C0223,J0083,1.0,3.4,1,0,0,
C0223,J0018,1.0,3.9,1,0,1,13.0
C0223,J0061,0.0,3.9,0,0,0,
C0224,J0129,0.67,-4.7,1,0,0,
C0224,J0042,0.33,1.3,0,0,0,
C0224,J0032,0.33,1.3,0,0,1,17.0
C0224,J0094,0.33,1.8,0,0,0,
C0225,J0105,0.0,9.1,0,0,0,
C0225,J0130,0.0,6.6,0,0,0,
C0225,J0126,0.0,7.6,0,0,0,
C0225,J0057,0.0,4.6,0,0,0,
C0226,J0121,0.33,1.4,0,0,0,
C0226,J0056,0.0,-1.1,0,0,0,
C0227,J0141,0.33,-0.1,1,0,0,
C0227,J0032,0.0,-0.6,0,0,0,
C0227,J0023,0.2,-1.6,1,0,0,
C0227,J0115,0.67,-6.6,1,0,0,
C0228,J0111,0.0,4.2,0,0,0,
C0228,J0007,0.0,5.2,0,0,1,29.0
C0229,J0022,0.6,-2.3,1,1,0,
C0229,J0033,0.0,-0.3,0,1,0,
C0229,J0075,0.0,3.7,0,1,1,21.0
C0230,J0024,0.0,-0.4,0,0,0,
C0230,J0019,0.0,-2.4,0,0,0,
C0231,J0103,0.33,-0.7,1,1,0,
C0231,J0040,0.0,-1.7,0,1,0,
C0231,J0089,0.0,-1.7,0,1,0,
C0231,J0148,0.0,-1.7,0,1,0,
C0232,J0122,0.25,-1.6,0,1,0,
C0232,J0059,0.6,-0.1,1,1,1,31.0
C0232,J0096,0.75,-0.6,1,1,1,19.0
C0232,J0043,0.6,-6.6,1,1,1,29.0
C0233,J0100,0.0,0.5,0,0,0,
C0233,J0124,0.2,-1.5,0,0,0,
C0233,J0065,0.0,-1.5,0,0,0,
C0233,J0028,0.0,4.5,0,0,0,
C0234,J0104,0.25,1.7,0,0,1,28.0
C0234,J0029,0.0,-0.3,0,0,0,
C0234,J0084,0.25,0.7,0,0,0,
C0235,J0120,0.25,-2.3,0,1,0,
C0235,J0076,0.0,-0.3,0,1,0,
C0235,J0070,0.0,-2.3,0,1,0,
C0235,J0121,0.67,0.2,1,1,1,17.0
C0236,J0138,0.25,-1.5,0,1,0,
C0236,J0080,0.0,1.0,0,1,0,
C0236,J0092,0.0,-1.5,0,1,0,
C0237,J0091,0.0,-5.1,0,1,0,
C0237,J0101,0.0,-1.1,0,1,0,
C0237,J0028,0.0,0.9,0,1,0,
C0238,J0035,0.0,-2.2,0,0,0,
C0238,J0088,0.0,-1.2,0,0,0,
C0238,J0106,0.0,-4.2,0,0,0,
C0239,J0058,0.0,-2.4,0,0,0,
C0239,J0003,0.2,1.6,0,0,1,32.0
C0240,J0102,0.2,-0.6,0,1,0,
C0240,J0030,0.67,-0.6,1,1,0,
C0240,J0022,0.0,-5.6,0,1,0,
C0240,J0139,0.0,0.4,0,1,0,
C0241,J0054,0.0,-4.3,0,1,0,
C0241,J0077,0.0,-6.3,0,1,0,
C0241,J0111,1.0,-1.3,1,1,1,11.0
C0242,J0085,0.0,-1.5,0,0,0,
C0242,J0050,0.0,0.0,0,0,1,38.0
C0242,J0111,0.0,-1.5,0,0,0,
C0243,J0048,0.0,-1.4,0,0,0,
C0243,J0126,0.33,-1.4,0,0,0,
C0243,J0023,0.2,-1.4,0,0,0,
C0243,J0020,0.0,0.1,0,0,1,30.0
C0244,J0072,0.0,2.2,0,1,0,
C0244,J0105,1.0,3.7,1,1,1,8.0
C0244,J0075,0.0,3.2,0,1,0,
C0245,J0054,0.6,-3.1,1,0,0,
C0245,J0027,1.0,-5.1,1,0,1,21.0
C0245,J0003,0.0,0.9,0,0,0,
C0245,J0045,0.0,-1.1,0,0,0,
C0246,J0006,0.0,-0.5,0,1,0,
C0246,J0117,0.2,-2.5,0,1,0,
C0246,J0125,0.25,1.5,0,1,1,23.0
C0246,J0137,1.0,0.5,1,1,1,20.0
C0247,J0040,0.4,0.3,0,0,0,
C0247,J0135,0.8,1.8,1,0,1,16.0
C0247,J0127,0.25,1.3,0,0,1,31.0
C0248,J0018,0.0,2.0,0,0,1,38.0
C0248,J0037,0.0,2.0,0,0,0,
C0249,J0113,0.0,-1.8,0,0,0,
C0249,J0082,0.5,-2.8,1,0,0,
C0249,J0049,0.0,-0.8,0,0,0,
C0249,J0022,0.0,-6.8,0,0,0,
C0250,J0096,0.0,2.1,0,0,0,
C0250,J0131,0.75,1.1,1,0,1,22.0
C0250,J0097,0.0,-1.9,0,0,0,
C0250,J0056,0.0,0.1,0,0,0,
C0251,J0139,0.0,4.5,0,0,1,31.0
C0251,J0010,0.5,2.5,0,0,1,23.0
C0251,J0115,0.0,-1.5,0,0,0,
C0251,J0108,0.25,0.5,0,0,0,
C0252,J0121,0.0,0.3,0,1,0,
C0252,J0018,0.0,0.3,0,1,0,
C0252,J0090,0.0,-0.2,0,1,0,
C0253,J0125,0.25,1.7,0,0,0,
C0253,J0084,0.25,0.7,0,0,0,
C0253,J0034,0.4,0.7,0,0,1,17.0
C0253,J0040,0.6,0.7,1,0,0,
C0254,J0136,0.0,2.2,0,0,0,
C0254,J0055,0.6,2.2,1,0,0,
C0254,J0093,0.0,1.2,0,0,0,
C0254,J0032,0.0,2.2,0,0,0,
C0255,J0118,0.0,12.5,0,1,1,38.0
C0255,J0020,0.0,13.0,0,1,1,36.0
C0255,J0059,0.0,13.0,0,1,0,
C0255,J0093,0.0,11.5,0,1,0,
C0256,J0033,0.25,-3.5,0,0,1,21.0
C0256,J0041,0.25,-3.5,0,0,0,
C0256,J0078,1.0,0.5,1,0,1,18.0
C0257,J0124,0.0,-5.8,0,1,0,
C0257,J0021,1.0,0.2,1,1,1,11.0
C0257,J0060,0.0,-5.8,0,1,0,
C0257,J0108,0.0,-3.8,0,1,0,
C0258,J0065,0.33,-6.3,0,0,1,11.0
C0258,J0014,0.0,-4.3,0,0,0,
C0258,J0062,0.0,-1.3,0,0,0,
C0258,J0142,0.33,-0.3,0,0,1,13.0
C0259,J0070,0.0,0.1,0,1,0,
C0259,J0044,0.0,-1.9,0,1,0,
C0260,J0084,0.25,-0.7,0,0,1,25.0
C0260,J0073,0.5,-3.7,1,0,1,22.0
C0260,J0104,0.5,0.3,1,0,1,33.0
C0261,J0014,0.0,-4.9,0,0,0,
C0261,J0099,0.0,-0.9,0,0,0,
C0261,J0121,0.0,-0.4,0,0,0,
C0261,J0051,0.75,-0.4,1,0,1,10.0
C0262,J0079,0.25,1.4,0,0,1,18.0
C0262,J0001,0.0,-0.6,0,0,0,
C0262,J0094,0.33,1.9,0,0,0,
C0262,J0063,0.0,0.4,0,0,1,28.0
C0263,J0040,0.4,9.0,0,0,1,24.0
C0263,J0082,0.25,8.0,0,0,0,
C0263,J0124,1.0,4.0,1,0,1,10.0
C0263,J0075,1.0,10.0,1,0,1,5.0
C0264,J0103,0.0,1.0,0,1,0,
C0264,J0031,0.4,0.0,0,1,1,27.0
C0264,J0086,0.75,1.0,1,1,1,21.0
C0265,J0091,0.0,-5.0,0,1,0,
C0265,J0025,0.0,0.0,0,1,1,30.0
C0265,J0140,0.2,-1.0,0,1,0,
C0266,J0035,0.0,0.0,0,0,0,
C0266,J0039,0.33,0.0,0,0,1,28.0
C0266,J0106,0.2,-2.0,0,0,0,
C0267,J0110,0.0,-0.4,0,1,0,
C0267,J0033,0.0,-3.4,0,1,0,
C0267,J0027,0.0,-5.4,0,1,0,
C0268,J0107,0.25,-2.0,0,1,0,
C0268,J0102,0.4,-1.0,0,1,1,17.0
C0268,J0125,0.0,0.0,0,1,0,
C0269,J0054,0.0,0.1,0,0,0,
C0269,J0142,0.0,4.1,0,0,0,
C0269,J0063,0.0,3.1,0,0,0,
C0269,J0011,0.25,3.1,0,0,1,29.0
C0270,J0105,0.0,2.7,0,0,0,
C0270,J0099,0.0,2.2,0,0,1,38.0
C0270,J0018,0.0,2.7,0,0,1,34.0
C0271,J0023,0.0,-1.5,0,0,0,
C0271,J0073,0.0,-4.5,0,0,0,
C0272,J0019,0.0,-2.3,0,1,0,
C0272,J0061,0.0,2.2,0,1,0,
C0273,J0090,0.33,1.6,0,0,1,23.0
C0273,J0017,0.0,1.6,0,0,0,
C0273,J0004,1.0,-4.4,1,0,0,
C0274,J0067,0.67,1.2,1,0,0,
C0274,J0046,0.0,0.2,0,0,0,
C0274,J0034,0.0,0.2,0,0,0,
C0274,J0118,0.0,1.2,0,0,1,40.0
C0275,J0100,0.0,-4.4,0,1,1,27.0
C0275,J0068,0.2,-4.4,0,1,0,
C0275,J0074,0.33,-2.4,0,1,0,
C0276,J0072,0.0,-0.5,0,0,0,
C0276,J0062,0.0,-0.5,0,0,0,
C0276,J0145,0.25,-0.5,1,0,0,
C0276,J0036,0.0,1.0,0,0,1,30.0
C0277,J0016,0.0,1.8,0,1,0,
C0277,J0038,0.0,2.8,0,1,0,
C0278,J0121,0.0,2.8,0,1,1,29.0
C0278,J0133,0.0,1.3,0,1,0,
C0278,J0116,0.0,1.3,0,1,1,34.0
C0279,J0045,0.0,-2.1,0,0,0,
C0279,J0124,0.2,-6.1,0,0,0,
C0279,J0082,0.0,-2.1,0,0,0,
C0280,J0016,0.0,-1.8,0,0,0,
C0280,J0128,0.0,-0.8,0,0,0,
C0281,J0050,0.8,2.4,1,0,1,35.0
C0281,J0104,0.25,1.9,0,0,0,
C0282,J0113,1.0,1.9,1,1,1,16.0
C0282,J0005,0.33,-1.1,0,1,0,
C0283,J0104,0.75,0.8,1,0,1,17.0
C0283,J0051,1.0,1.3,1,0,0,
C0283,J0019,0.0,-3.2,0,0,0,
C0283,J0078,0.8,0.8,1,0,1,18.0
C0284,J0019,1.0,-1.4,1,0,1,9.0
C0284,J0114,0.0,1.6,0,0,0,
C0284,J0124,0.0,-3.4,0,0,0,
C0284,J0144,1.0,3.1,1,0,1,14.0
C0285,J0112,1.0,-0.9,1,1,1,16.0
C0285,J0089,1.0,-0.9,1,1,0,
C0285,J0082,0.0,-1.9,0,1,0,
C0285,J0019,0.0,-3.9,0,1,0,
C0286,J0028,0.2,8.0,1,0,0,
C0286,J0020,0.0,8.5,0,0,0,
C0286,J0095,0.0,6.0,0,0,0,
C0287,J0072,0.33,7.5,0,1,1,34.0
C0287,J0074,0.0,6.5,0,1,1,38.0
C0287,J0084,0.5,7.5,1,1,1,23.0
C0287,J0007,0.8,8.5,1,1,1,17.0
C0288,J0023,0.2,1.2,0,1,0,
C0288,J0092,0.0,0.2,0,1,0,
C0288,J0124,0.2,-3.8,0,1,0,
C0288,J0017,0.0,2.2,0,1,1,31.0
C0289,J0012,0.0,6.5,0,1,0,
C0289,J0040,0.0,5.0,0,1,0,
C0290,J0066,0.0,7.7,0,1,0,
C0290,J0010,0.0,5.7,0,1,0,
C0291,J0052,0.25,8.0,0,0,1,24.0
C0291,J0005,1.0,10.0,1,0,1,13.0
C0292,J0088,0.0,-1.9,0,0,0,
C0292,J0050,1.0,-0.4,1,0,0,
C0292,J0057,0.25,-4.9,0,0,0,
C0293,J0133,0.0,-1.6,0,1,0,
C0293,J0065,0.0,-6.6,0,1,0,
C0293,J0051,0.0,-0.1,0,1,0,
C0294,J0085,0.2,3.9,0,0,0,
C0294,J0067,0.0,4.9,0,0,0,
C0295,J0055,0.0,2.1,0,0,0,
C0295,J0047,0.0,1.1,0,0,0,
C0295,J0140,0.0,0.1,0,0,0,
C0296,J0030,0.0,-1.6,0,1,0,
C0296,J0105,0.0,-0.1,0,1,0,
C0296,J0099,0.0,-0.6,0,1,0,
C0296,J0023,0.0,-1.6,0,1,0,
C0297,J0001,0.0,-1.3,0,0,0,
C0297,J0093,0.0,-0.3,0,0,0,
C0297,J0019,0.8,-3.3,1,0,0,
C0298,J0019,0.8,-2.7,1,0,0,
C0298,J0070,0.5,-0.7,1,0,0,
C0299,J0003,0.2,1.2,0,1,1,27.0
C0299,J0091,0.0,-4.8,0,1,0,
C0299,J0111,0.25,0.2,0,1,1,26.0
C0299,J0053,0.0,0.2,0,1,0,
C0300,J0116,0.0,-1.9,0,0,0,
C0300,J0115,0.0,-6.9,0,0,0,
C0301,J0092,0.0,-2.4,0,1,1,31.0
C0301,J0090,0.0,-0.4,0,1,0,
C0301,J0114,0.2,-1.4,0,1,0,
C0301,J0024,0.67,-2.4,1,1,0,
C0302,J0041,0.0,10.0,0,1,0,
C0302,J0133,0.0,13.0,0,1,1,36.0
C0302,J0030,0.0,13.0,0,1,0,
C0302,J0136,0.8,14.0,1,1,1,15.0
C0303,J0117,0.0,-4.9,0,0,0,
C0303,J0038,0.0,-0.9,0,0,0,
C0303,J0143,0.0,-1.9,0,0,0,
C0304,J0145,0.0,10.4,0,0,1,34.0
C0304,J0030,0.0,10.4,0,0,0,
C0305,J0016,0.0,0.2,0,0,0,
C0305,J0035,0.0,-0.8,0,0,0,
C0305,J0124,0.2,-4.8,0,0,0,
C0305,J0109,0.2,1.2,0,0,0,
C0306,J0113,0.67,-0.7,1,0,1,8.0
C0306,J0061,0.0,0.8,0,0,0,
C0306,J0073,0.25,-3.7,0,0,1,33.0
C0306,J0028,0.0,0.3,0,0,0,
C0307,J0127,0.0,1.7,0,1,0,
C0307,J0016,0.5,0.7,1,1,0,
C0307,J0026,0.0,2.2,0,1,0,
C0307,J0095,0.0,-0.3,0,1,0,
C0308,J0027,0.0,-5.3,0,1,0,
C0308,J0146,0.33,1.2,0,1,0,
C0308,J0116,0.75,-0.3,1,1,1,13.0
C0309,J0094,0.0,8.9,0,0,0,
C0309,J0083,0.2,8.4,0,0,1,15.0
C0309,J0077,0.0,2.4,0,0,0,
C0310,J0122,0.0,-0.4,0,1,0,
C0310,J0032,0.0,0.6,0,1,0,
C0311,J0149,0.25,4.0,0,1,1,26.0
C0311,J0128,0.33,6.0,0,1,0,
C0312,J0049,0.0,-0.2,0,1,0,
C0312,J0065,0.33,-6.2,0,1,0,
C0313,J0088,0.33,3.3,1,0,0,
C0313,J0001,0.0,2.3,0,0,1,24.0
C0313,J0023,0.4,3.3,1,0,1,23.0
C0313,J0018,0.2,4.8,0,0,0,
C0314,J0110,0.0,-1.3,0,1,0,
C0314,J0120,0.0,-2.3,0,1,0,
C0315,J0077,0.4,-2.2,1,0,0,
C0315,J0109,0.0,3.8,0,0,0,
C0315,J0131,0.0,2.8,0,0,1,39.0
C0315,J0083,0.0,3.8,0,0,0,
C0316,J0109,0.0,6.9,0,0,0,
C0316,J0145,0.0,5.9,0,0,1,22.0
C0316,J0026,0.67,7.4,1,0,1,15.0
C0317,J0075,0.0,1.2,0,1,1,19.0
C0317,J0090,0.0,1.2,0,1,0,
C0318,J0097,0.0,0.1,0,0,0,
C0318,J0146,0.0,4.6,0,0,1,28.0
C0318,J0026,0.0,4.6,0,0,0,
C0318,J0071,0.0,3.1,0,0,0,
C0319,J0114,0.0,-1.9,0,1,0,
C0319,J0125,0.0,-0.9,0,1,1,25.0
C0320,J0132,0.0,5.3,0,0,0,
C0320,J0019,0.0,1.3,0,0,0,
C0320,J0090,0.33,5.3,0,0,1,24.0
C0320,J0008,0.2,3.3,0,0,1,27.0
C0321,J0127,0.0,-0.9,0,0,0,
C0321,J0119,0.0,-0.9,0,0,0,
C0321,J0062,0.0,-1.9,0,0,0,
C0322,J0091,0.0,-3.8,0,0,0,
C0322,J0143,0.0,1.2,0,0,0,
C0323,J0144,0.0,0.4,0,1,0,
C0323,J0022,0.0,-6.1,0,1,0,
C0323,J0082,0.0,-2.1,0,1,0,
C0323,J0072,0.0,-1.1,0,1,0,
C0324,J0109,0.2,1.1,0,0,1,29.0
C0324,J0078,0.2,1.1,0,0,0,
C0324,J0063,0.0,0.1,0,0,0,
C0325,J0016,0.0,4.7,0,0,0,
C0325,J0005,0.0,1.7,0,0,0,
C0326,J0056,0.0,-1.0,0,1,0,
C0326,J0088,0.0,0.0,0,1,1,29.0
C0326,J0057,0.25,-3.0,1,1,1,17.0
C0327,J0060,1.0,-3.7,1,1,1,18.0
C0327,J0111,0.25,1.3,0,1,1,26.0
C0327,J0068,0.2,-1.7,0,1,0,
C0328,J0076,0.0,5.3,0,1,1,35.0
C0328,J0145,0.0,4.3,0,1,1,27.0
C0328,J0115,0.33,-0.7,1,1,0,
C0329,J0014,0.0,-4.5,0,0,0,
C0329,J0110,0.0,-1.5,0,0,1,32.0
C0329,J0099,0.0,-0.5,0,0,0,
C0330,J0134,0.4,0.6,1,1,0,
C0330,J0081,0.4,1.6,1,1,0,
C0331,J0022,0.0,-6.4,0,1,0,
C0331,J0033,0.25,-4.4,0,1,0,
C0331,J0139,0.0,-0.4,0,1,1,30.0
C0331,J0095,0.0,-2.4,0,1,0,
C0332,J0076,0.67,-0.9,1,0,0,
C0332,J0008,0.0,-2.9,0,0,0,
C0333,J0096,0.5,-0.2,0,0,1,15.0
C0333,J0065,0.67,-6.2,1,0,1,23.0
C0333,J0037,1.0,0.3,1,0,1,11.0
C0334,J0006,0.0,2.4,0,0,0,
C0334,J0131,0.0,3.4,0,0,0,
C0334,J0032,0.0,4.4,0,0,1,47.0
C0335,J0003,1.0,-0.7,1,0,0,
C0335,J0144,0.0,-0.2,0,0,0,
C0335,J0107,0.0,-2.7,0,0,0,
C0335,J0008,0.0,-2.7,0,0,0,
C0336,J0101,0.0,-2.1,0,0,0,
C0336,J0059,1.0,0.4,1,0,1,12.0
C0336,J0093,1.0,-1.1,1,0,0,
C0337,J0046,0.0,-1.6,0,0,0,
C0337,J0033,0.0,-4.6,0,0,0,
C0338,J0096,0.0,8.9,0,1,0,
C0338,J0112,0.0,7.9,0,1,0,
C0339,J0031,0.0,2.2,0,0,0,
C0339,J0006,0.0,1.2,0,0,1,25.0
C0339,J0028,0.0,3.2,0,0,0,
C0340,J0061,0.0,-0.3,0,1,0,
C0340,J0024,0.33,-2.8,0,1,0,
C0340,J0075,0.4,-0.8,0,1,0,
C0340,J0035,0.0,-2.8,0,1,0,
C0341,J0017,0.0,2.7,0,0,1,37.0
C0341,J0105,0.0,3.2,0,0,0,
C0341,J0092,0.0,0.7,0,0,1,32.0
C0342,J0038,0.0,-0.9,0,1,0,
C0342,J0128,0.0,-0.9,0,1,0,
C0342,J0071,0.0,-1.9,0,1,0,
C0342,J0081,0.0,-1.9,0,1,0,
C0343,J0134,0.0,-1.2,0,0,0,
C0343,J0079,0.0,0.8,0,0,0,
C0343,J0064,0.25,0.8,1,0,0,
C0344,J0037,0.0,-0.4,0,0,0,
C0344,J0018,0.0,-0.4,0,0,0,
C0344,J0120,0.0,-2.9,0,0,0,
C0344,J0134,1.0,-2.9,1,0,1,5.0
C0345,J0121,0.0,4.6,0,0,1,25.0
C0345,J0026,0.0,4.6,0,0,0,
C0345,J0091,0.0,-1.9,0,0,0,
C0345,J0070,0.5,2.1,1,0,1,18.0
C0346,J0013,0.0,0.0,0,0,0,
C0346,J0011,0.75,-1.0,1,0,0,
C0347,J0114,0.0,3.8,0,1,0,
C0347,J0076,0.67,4.8,1,1,1,13.0
C0347,J0016,0.25,3.8,1,1,1,18.0
C0348,J0035,0.0,-2.3,0,1,0,
C0348,J0095,0.0,-2.3,0,1,0,
C0349,J0150,0.0,-0.6,0,1,1,30.0
C0349,J0122,0.5,-1.6,1,1,0,
C0349,J0015,0.0,-0.6,0,1,0,
C0350,J0048,0.67,-0.3,1,0,0,
C0350,J0070,0.0,-1.3,0,0,0,
C0351,J0044,0.0,5.0,0,0,1,21.0
C0351,J0099,0.0,9.0,0,0,0,
C0351,J0149,0.0,7.0,0,0,0,
C0351,J0088,0.67,8.0,1,0,0,
C0352,J0142,0.0,0.6,0,0,0,
C0352,J0084,0.0,-0.4,0,0,0,
C0353,J0093,0.0,-1.3,0,1,0,
C0353,J0020,0.0,0.2,0,1,0,
C0353,J0066,0.0,-0.3,0,1,0,
C0353,J0100,0.0,-4.3,1,1,0,
C0354,J0114,0.2,4.0,0,1,1,25.0
C0354,J0099,0.0,5.0,0,1,0,
C0354,J0085,0.2,4.0,0,1,0,
C0354,J0091,0.0,-1.0,0,1,0,
C0355,J0110,0.0,-1.3,0,0,0,
C0355,J0067,0.0,-0.3,0,0,0,
C0355,J0091,0.0,-6.3,0,0,0,
C0356,J0096,0.0,4.6,0,1,0,
C0356,J0085,0.0,3.6,0,1,0,
C0356,J0121,0.0,5.1,0,1,0,
C0356,J0026,0.0,5.1,0,1,0,
C0357,J0031,1.0,-1.0,1,1,1,9.0
C0357,J0018,1.0,0.5,1,1,1,8.0
C0358,J0140,0.0,1.8,0,0,0,
C0358,J0099,0.0,3.8,0,0,0,
C0358,J0045,0.0,1.8,0,0,1,27.0
C0358,J0089,0.0,2.8,0,0,0,
C0359,J0093,0.0,0.8,0,0,0,
C0359,J0055,0.0,1.8,0,0,0,
C0359,J0058,0.0,-2.2,0,0,0,
C0360,J0046,0.2,0.0,0,0,1,24.0
C0360,J0006,0.0,-1.0,0,0,0,
C0360,J0074,0.33,-1.0,0,0,0,
C0360,J0125,0.25,1.0,0,0,1,22.0
C0361,J0062,0.0,0.7,0,1,1,29.0
C0361,J0099,0.0,1.7,0,1,0,
C0361,J0059,0.0,2.2,0,1,1,30.0
C0361,J0033,0.0,-2.3,0,1,0,
C0362,J0020,0.0,-0.5,0,0,0,
C0362,J0149,0.0,-3.0,0,0,0,
C0362,J0127,0.0,-1.0,0,0,0,
C0362,J0108,0.25,-5.0,0,0,0,
C0363,J0075,0.0,10.0,0,1,1,34.0
C0363,J0059,0.0,10.5,0,1,0,
C0363,J0139,0.4,10.0,1,1,1,31.0
C0363,J0142,0.0,10.0,0,1,1,26.0
C0364,J0147,0.5,5.4,1,0,1,11.0
C0364,J0148,0.0,3.9,0,0,0,
C0364,J0072,0.67,3.9,1,0,1,27.0
C0365,J0054,0.0,-0.9,0,0,0,
C0365,J0080,0.0,3.6,0,0,0,
C0365,J0059,0.0,3.6,0,0,0,
C0365,J0144,0.0,3.6,0,0,1,28.0
C0366,J0058,0.75,-4.5,1,1,0,
C0366,J0135,0.2,0.0,0,1,0,
C0367,J0017,0.0,0.3,0,1,0,
C0367,J0093,1.0,-0.7,1,1,0,
C0367,J0005,1.0,-3.7,1,1,0,
C0367,J0084,0.25,-0.7,0,1,0,
C0368,J0003,0.0,1.2,0,0,0,
C0368,J0149,0.0,-0.8,0,0,0,
C0369,J0097,0.25,0.2,1,0,1,30.0
C0369,J0144,0.0,4.7,0,0,0,
C0369,J0106,0.0,0.2,0,0,0,
C0369,J0052,0.0,-1.8,0,0,0,
C0370,J0110,0.0,0.5,0,1,0,
C0370,J0111,0.0,0.5,0,1,1,19.0
C0370,J0123,0.0,-2.5,0,1,1,20.0
C0370,J0010,0.0,-0.5,0,1,0,
C0371,J0062,0.0,-1.9,0,1,0,
C0371,J0095,0.75,-2.9,1,1,1,28.0
C0371,J0037,0.0,-0.4,0,1,0,
C0372,J0143,0.0,1.7,0,1,0,
C0372,J0070,0.0,0.7,0,1,0,
C0373,J0044,0.0,-2.2,0,1,0,
C0373,J0060,0.0,-4.2,0,1,0,
C0373,J0063,0.33,0.8,1,1,1,27.0
C0373,J0058,0.0,-2.2,0,1,0,
C0374,J0063,0.0,1.8,0,0,0,
C0374,J0108,0.25,-1.2,0,0,0,
C0374,J0072,0.33,1.8,0,0,1,28.0
C0375,J0061,0.0,1.5,0,0,0,
C0375,J0103,0.0,1.0,0,0,0,
C0375,J0122,0.75,0.0,1,0,1,5.0
C0376,J0044,0.25,0.1,0,1,0,
C0376,J0103,0.0,4.1,0,1,1,31.0
C0376,J0034,0.6,3.1,1,1,1,21.0
C0377,J0108,0.25,-4.5,1,1,0,
C0377,J0135,0.2,0.0,0,1,0,
C0377,J0059,0.2,0.0,0,1,0,
C0377,J0091,0.0,-6.5,0,1,0,
C0378,J0116,0.25,-1.1,0,1,0,
C0378,J0132,0.0,-0.1,0,1,0,
C0378,J0047,0.4,-1.1,0,1,0,
C0378,J0071,1.0,-1.1,1,1,1,14.0
C0379,J0127,0.0,0.2,0,1,1,35.0
C0379,J0059,0.2,0.7,0,1,1,39.0
C0379,J0018,0.2,0.7,0,1,0,
C0379,J0014,0.0,-3.8,0,1,0,
C0380,J0031,0.0,2.7,0,0,0,
C0380,J0053,0.0,2.7,0,0,1,34.0
C0380,J0033,0.0,-0.3,0,0,0,
C0381,J0011,0.0,-1.9,0,0,0,
C0381,J0102,0.8,-1.9,1,0,0,
C0381,J0069,0.25,-2.9,0,0,0,
C0381,J0093,0.2,-1.9,0,0,0,
C0382,J0018,0.0,10.5,0,0,0,
C0382,J0126,0.0,9.0,0,0,0,
C0382,J0145,0.0,9.0,0,0,0,
C0382,J0038,0.0,10.0,0,0,0,
C0383,J0121,1.0,0.2,1,0,1,11.0
C0383,J0071,1.0,-1.3,1,0,0,
C0383,J0138,1.0,-2.3,1,0,0,
C0384,J0146,0.33,1.4,0,1,1,27.0
C0384,J0113,0.0,-0.1,0,1,0,
C0385,J0137,0.33,3.6,1,1,1,32.0
C0385,J0069,0.25,2.6,0,1,0,
C0385,J0051,0.25,5.1,0,1,1,19.0
C0386,J0145,0.0,11.2,0,1,1,22.0
C0386,J0044,0.25,8.2,0,1,0,
C0387,J0068,0.0,-2.3,0,0,0,
C0387,J0038,1.0,1.7,1,0,1,13.0
C0388,J0003,0.0,5.2,0,0,0,
C0388,J0136,0.0,5.2,0,0,0,
C0388,J0074,0.0,3.2,0,0,0,
C0389,J0064,0.0,13.5,0,0,0,
C0389,J0040,0.0,12.5,0,0,0,
C0389,J0069,0.0,11.5,0,0,1,41.0
C0390,J0104,1.0,1.9,1,1,1,8.0
C0390,J0003,0.8,1.9,1,1,1,5.0
C0390,J0065,0.0,-4.1,0,1,0,
C0390,J0122,0.75,0.9,1,1,1,13.0
C0391,J0035,0.0,1.5,0,1,0,
C0391,J0058,0.0,-0.5,0,1,0,
C0391,J0084,0.25,2.5,0,1,0,
C0392,J0007,0.0,-0.2,0,0,0,
C0392,J0127,0.0,-0.2,0,0,0,
C0392,J0048,0.0,-1.2,0,0,0,
C0393,J0149,0.0,-2.8,0,0,0,
C0393,J0009,0.0,-6.8,0,0,0,
C0394,J0064,0.25,0.8,0,0,0,
C0394,J0076,0.0,0.8,0,0,1,20.0
C0395,J0128,0.0,-0.7,0,0,0,
C0395,J0110,0.0,-1.7,0,0,0,
C0395,J0046,0.0,-1.7,0,0,0,
C0395,J0061,0.0,-0.2,0,0,0,
C0396,J0130,0.0,-2.1,0,0,0,
C0396,J0100,0.0,-4.1,0,0,0,
C0396,J0129,1.0,-6.1,1,0,1,21.0
C0396,J0012,0.0,0.4,0,0,0,
C0397,J0030,0.0,0.7,0,0,1,28.0
C0397,J0064,0.25,1.7,0,0,0,
C0397,J0036,1.0,2.2,1,0,1,23.0
C0398,J0056,0.0,-2.2,0,0,0,
C0398,J0006,0.0,-2.2,0,0,0,
C0399,J0132,0.0,0.8,0,0,1,29.0
C0399,J0076,0.0,0.8,0,0,1,21.0
C0399,J0100,0.67,-3.2,1,0,0,
C0400,J0030,0.0,-1.1,0,1,0,
C0400,J0118,0.67,-0.1,1,1,1,19.0
C0400,J0129,0.0,-6.1,0,1,0,
C0401,J0026,0.0,0.8,0,1,0,
C0401,J0084,0.0,-0.7,0,1,0,
C0401,J0121,0.0,0.8,0,1,0,
C0401,J0073,0.0,-3.7,0,1,0,
C0402,J0019,0.0,-1.7,0,1,0,
C0402,J0095,1.0,0.3,1,1,1,9.0
C0402,J0076,0.0,2.3,0,1,1,27.0
C0402,J0007,0.2,2.3,0,1,0,
C0403,J0125,0.25,0.8,0,0,1,28.0
C0403,J0144,0.0,1.3,0,0,0,
C0403,J0122,0.25,-0.2,0,0,0,
C0403,J0102,0.4,-0.2,0,0,0,
C0404,J0050,0.0,-0.1,0,0,0,
C0404,J0148,0.0,-1.6,0,0,0,
C0405,J0038,0.0,-0.2,0,1,0,
C0405,J0105,0.0,0.3,0,1,1,24.0
C0405,J0042,1.0,-0.2,1,1,0,
C0405,J0124,0.2,-6.2,0,1,0,
C0406,J0012,1.0,1.3,1,0,1,5.0
C0406,J0150,1.0,0.8,1,0,0,
C0406,J0006,0.0,-1.2,0,0,0,
C0407,J0102,0.0,0.6,0,0,0,
C0407,J0008,0.0,-0.4,0,0,0,
C0407,J0062,0.0,0.6,0,0,0,
C0407,J0144,0.0,2.1,0,0,0,
C0408,J0088,0.0,8.1,0,1,1,38.0
C0408,J0139,0.0,9.1,0,1,1,27.0
C0409,J0102,0.0,8.8,0,0,0,
C0409,J0139,0.0,9.8,0,0,0,
C0409,J0085,0.2,8.8,0,0,1,31.0
C0410,J0023,0.0,0.0,0,0,0,
C0410,J0011,0.0,0.0,0,0,0,
C0410,J0068,0.0,-3.0,0,0,0,
C0411,J0023,1.0,-1.6,1,1,1,23.0
C0411,J0051,0.0,-0.1,0,1,1,18.0
C0411,J0088,1.0,-1.6,1,1,1,14.0
C0411,J0150,0.0,-0.6,0,1,0,
C0412,J0146,0.33,2.9,0,0,0,
C0412,J0106,0.2,-1.6,0,0,0,
C0412,J0130,0.0,0.4,0,0,0,
C0412,J0008,0.8,0.4,1,0,1,16.0
C0413,J0100,0.0,-4.5,0,1,0,
C0413,J0001,0.2,-2.5,0,1,0,
C0414,J0146,0.0,3.0,0,1,0,
C0414,J0006,0.0,0.5,0,1,0,
C0415,J0087,0.0,-2.9,0,1,0,
C0415,J0119,0.0,-0.9,0,1,0,
C0416,J0075,0.0,1.5,0,1,0,
C0416,J0056,0.0,-0.5,0,1,0,
C0416,J0098,0.0,2.0,0,1,0,
C0417,J0072,0.33,5.5,1,1,0,
C0417,J0076,0.0,6.5,0,1,0,
C0418,J0008,0.0,-1.5,0,0,0,
C0418,J0011,0.0,-0.5,0,0,0,
C0419,J0070,0.0,-2.5,0,0,0,
C0419,J0048,0.0,-1.5,0,0,0,
C0420,J0082,0.0,-1.4,0,1,0,
C0420,J0005,0.0,-3.4,0,1,0,
C0420,J0046,0.0,-0.4,0,1,1,27.0
C0421,J0049,0.0,0.0,0,1,1,31.0
C0421,J0017,0.0,0.0,0,1,0,
C0421,J0045,0.0,-2.0,0,1,0,
C0422,J0060,0.2,-5.8,0,1,0,
C0422,J0107,0.0,-1.8,0,1,0,
C0422,J0004,0.0,-5.8,0,1,0,
C0422,J0104,0.75,0.2,1,1,0,
C0423,J0094,0.67,5.8,1,1,1,21.0
C0423,J0085,0.4,4.3,0,1,0,
C0424,J0081,0.0,-1.6,0,0,0,
C0424,J0008,0.0,-2.6,0,0,0,
C0424,J0122,0.25,-1.6,0,0,0,
C0424,J0030,0.33,-1.6,1,0,0,
C0425,J0082,0.0,0.0,0,0,0,
C0425,J0118,0.0,2.0,0,0,1,24.0
C0425,J0120,0.0,0.0,0,0,0,
C0425,J0031,0.0,1.0,0,0,0,
C0426,J0116,0.25,-0.5,0,0,0,
C0426,J0072,0.33,-0.5,0,0,0,
C0426,J0132,0.0,0.5,0,0,1,25.0
C0427,J0019,0.0,-3.2,0,0,0,
C0427,J0051,0.5,1.3,1,0,0,
C0427,J0075,0.0,0.8,0,0,1,30.0
C0428,J0006,0.0,0.3,0,0,1,17.0
C0428,J0031,1.0,1.3,1,0,1,10.0
C0428,J0076,0.0,2.3,0,0,0,
C0429,J0094,0.33,1.8,0,1,1,32.0
C0429,J0099,0.0,1.3,0,1,0,
C0429,J0119,0.2,1.3,0,1,1,15.0
C0430,J0040,0.2,-1.9,0,0,0,
C0430,J0124,0.2,-6.9,0,0,0,
C0430,J0073,0.0,-4.9,0,0,0,
C0431,J0022,0.0,-4.8,0,0,0,
C0431,J0115,0.0,-4.8,0,0,0,
C0432,J0010,0.5,1.3,1,1,1,19.0
C0432,J0016,0.0,2.3,0,1,0,
C0432,J0019,0.0,-0.7,0,1,0,
C0432,J0086,0.0,3.3,0,1,0,
C0433,J0067,0.33,1.2,0,0,1,19.0
C0433,J0011,0.25,0.2,0,0,0,
C0433,J0087,0.2,-0.8,0,0,0,
C0433,J0045,0.33,-0.8,0,0,0,
C0434,J0028,0.2,2.1,0,0,1,27.0
C0434,J0001,0.2,0.1,0,0,0,
C0435,J0081,0.0,-0.6,0,0,0,
C0435,J0137,0.0,-0.6,0,0,0,
C0435,J0083,0.2,0.4,0,0,0,
C0436,J0032,0.0,-0.7,0,0,0,
C0436,J0102,0.0,-1.7,0,0,0,
C0436,J0115,0.0,-6.7,0,0,0,
C0436,J0091,0.67,-6.7,1,0,0,
C0437,J0081,0.0,1.3,0,0,0,
C0437,J0046,0.0,1.3,0,0,0,
C0438,J0015,0.0,0.1,0,1,0,
C0438,J0019,0.0,-3.9,0,1,0,
C0438,J0087,0.2,-1.9,0,1,0,
C0439,J0096,0.5,10.3,0,0,1,28.0
C0439,J0004,0.25,4.3,0,0,0,
C0439,J0087,0.2,8.3,0,0,1,38.0
C0440,J0121,0.0,2.9,0,0,0,
C0440,J0111,0.0,1.4,0,0,0,
C0440,J0136,0.0,2.4,0,0,0,
C0440,J0135,0.0,2.9,0,0,0,
C0441,J0104,0.0,0.0,0,0,0,
C0441,J0080,0.0,0.5,0,0,0,
C0441,J0022,0.0,-6.0,0,0,0,
C0441,J0142,0.0,0.0,0,0,1,28.0
C0442,J0098,0.33,9.4,0,1,1,16.0
C0442,J0051,1.0,9.4,1,1,1,10.0
C0442,J0083,0.2,8.9,0,1,0,
C0443,J0140,0.2,-1.6,0,0,1,36.0
C0443,J0057,0.0,-3.6,0,0,0,
C0443,J0034,0.2,-0.6,0,0,0,
C0444,J0039,0.33,-0.2,0,1,1,25.0
C0444,J0132,0.0,1.8,0,1,0,
C0444,J0057,0.0,-2.2,0,1,0,
C0445,J0129,0.33,-2.3,1,0,1,28.0
C0445,J0140,0.0,1.7,0,0,0,
C0445,J0086,0.0,3.7,0,0,0,
C0445,J0071,0.0,2.7,0,0,0,
C0446,J0068,0.0,0.5,0,0,0,
C0446,J0008,0.2,2.5,1,0,0,
C0446,J0091,0.0,-1.5,0,0,0,
C0447,J0121,0.67,0.4,1,1,0,
C0447,J0011,0.25,-1.1,0,1,0,
C0447,J0081,0.0,-1.1,0,1,1,25.0
C0447,J0141,0.0,0.4,0,1,0,
C0448,J0050,0.4,1.2,0,0,0,
C0448,J0007,1.0,0.7,1,0,0,
C0449,J0089,0.0,-1.5,0,0,0,
C0449,J0124,0.0,-6.5,0,0,0,
C0449,J0105,0.0,0.0,0,0,0,
C0449,J0012,0.0,0.0,0,0,0,
C0450,J0053,0.0,2.0,0,0,1,35.0
C0450,J0001,0.0,1.0,0,0,1,35.0
C0451,J0036,0.0,0.1,0,0,0,
C0451,J0063,0.33,-1.4,1,0,1,25.0
C0451,J0076,0.33,-0.4,1,0,0,
C0452,J0096,0.0,1.4,0,0,1,30.0
C0452,J0076,0.67,1.4,1,0,1,17.0
C0452,J0088,0.0,0.4,0,0,0,
C0452,J0109,0.0,1.4,0,0,0,
C0453,J0030,0.0,-1.8,0,0,0,
C0453,J0057,0.25,-4.8,0,0,0,
C0454,J0028,0.0,2.6,0,0,0,
C0454,J0138,0.0,0.6,0,0,0,
C0454,J0022,0.0,-3.4,0,0,0,
C0454,J0077,0.6,-3.4,1,0,1,8.0
C0455,J0084,0.0,1.9,0,0,0,
C0455,J0015,0.0,2.9,0,0,0,
C0456,J0019,0.0,-4.7,0,0,0,
C0456,J0015,0.0,-0.7,0,0,0,
C0456,J0075,0.0,-0.7,0,0,0,
C0456,J0006,0.0,-2.7,0,0,0,
C0457,J0135,0.8,3.9,1,1,1,20.0
C0457,J0071,0.4,2.4,0,1,1,24.0
C0457,J0011,0.25,2.4,0,1,1,19.0
C0458,J0035,0.8,-2.4,1,0,0,
C0458,J0096,0.0,-0.4,0,0,0,
C0459,J0090,0.33,1.9,0,1,0,
C0459,J0146,0.0,2.4,0,1,0,
C0459,J0101,0.2,-0.1,0,1,0,
C0460,J0112,0.33,2.8,0,0,1,24.0
C0460,J0142,0.0,3.8,0,0,0,
C0460,J0017,0.0,3.8,0,0,1,25.0
C0461,J0084,0.75,0.7,1,0,1,25.0
C0461,J0070,0.0,-0.3,0,0,0,
C0461,J0063,0.0,0.7,0,0,0,
C0462,J0076,0.0,0.2,0,1,0,
C0462,J0013,0.0,0.2,0,1,0,
C0463,J0072,0.33,-0.6,1,0,0,
C0463,J0134,0.0,-1.6,0,0,1,29.0
C0463,J0026,0.33,0.9,0,0,1,37.0
C0464,J0048,0.0,-1.8,0,1,1,36.0
C0464,J0049,0.0,-0.8,0,1,0,
C0464,J0024,1.0,-2.8,1,1,0,
C0465,J0001,0.0,0.0,0,0,0,
C0465,J0061,0.0,2.5,0,0,0,
C0466,J0079,0.0,-0.7,0,1,0,
C0466,J0088,0.0,-1.7,0,1,0,
C0466,J0095,0.0,-2.7,0,1,0,
C0466,J0034,0.0,-1.7,0,1,0,
C0467,J0034,0.2,-0.9,0,0,0,
C0467,J0040,0.2,-0.9,0,0,1,25.0
C0467,J0031,0.2,-0.9,0,0,0,
C0468,J0066,0.6,-0.2,1,0,1,11.0
C0468,J0094,0.67,0.3,1,0,1,26.0
C0469,J0150,0.0,3.0,0,0,0,
C0469,J0077,0.0,-3.0,0,0,0,
C0470,J0056,0.0,-0.8,0,0,0,
C0470,J0116,0.0,0.2,0,0,1,31.0
C0470,J0146,0.0,1.7,0,0,0,
C0471,J0146,0.0,5.5,0,0,0,
C0471,J0011,0.0,4.0,0,0,0,
C0472,J0042,1.0,2.7,1,0,1,12.0
C0472,J0091,0.0,-3.3,0,0,0,
C0472,J0082,0.0,0.7,0,0,1,20.0
C0473,J0073,0.5,-3.7,1,0,0,
C0473,J0084,0.25,-0.7,0,0,0,
C0473,J0096,0.25,0.3,0,0,1,20.0
C0473,J0077,0.0,-5.7,0,0,0,
C0474,J0098,0.0,1.9,0,0,0,
C0474,J0086,0.0,1.4,0,0,0,
C0474,J0103,0.0,1.4,0,0,0,
C0474,J0090,0.33,1.4,1,0,0,
C0475,J0021,0.0,7.6,0,0,1,34.0
C0475,J0090,0.67,7.6,1,0,0,
C0475,J0089,0.0,6.6,0,0,0,
C0476,J0051,0.0,1.6,0,1,1,28.0
C0476,J0036,0.0,1.6,0,1,0,
C0476,J0096,0.25,1.1,0,1,1,27.0
C0476,J0095,0.25,-0.9,0,1,0,
C0477,J0072,0.67,0.1,1,0,0,
C0477,J0022,0.0,-4.9,0,0,0,
C0477,J0125,0.0,1.1,0,0,1,35.0
C0478,J0094,0.0,0.9,0,1,0,
C0478,J0068,0.0,-3.6,0,1,0,
C0479,J0102,0.4,-1.5,1,1,0,
C0479,J0138,0.0,-2.5,0,1,0,
C0479,J0019,0.0,-4.5,0,1,0,
C0480,J0128,1.0,0.5,1,1,1,16.0
C0480,J0124,0.2,-5.5,0,1,1,22.0
C0480,J0023,0.0,-0.5,0,1,0,
C0481,J0109,0.0,8.5,0,1,0,
C0481,J0013,0.0,8.5,0,1,0,
C0482,J0076,0.0,-0.6,0,1,1,26.0
C0482,J0020,0.0,-0.1,0,1,1,27.0
C0482,J0004,0.75,-6.6,1,1,1,14.0
C0482,J0143,0.0,-1.6,0,1,0,
C0483,J0082,0.0,-2.6,0,1,1,30.0
C0483,J0081,0.0,-1.6,0,1,0,
C0483,J0128,0.33,-0.6,1,1,1,25.0
C0484,J0113,0.33,0.1,0,0,1,26.0
C0484,J0012,0.33,1.6,0,0,0,
C0484,J0016,0.0,0.1,0,0,0,
C0484,J0076,0.0,1.1,0,0,0,
C0485,J0016,0.0,-1.6,0,0,0,
C0485,J0010,0.25,-2.6,1,0,0,
C0485,J0045,0.33,-2.6,1,0,1,21.0
C0486,J0049,0.0,8.9,0,1,0,
C0486,J0121,0.0,9.4,0,1,1,21.0
C0486,J0137,0.33,7.9,0,1,0,
C0487,J0003,0.2,1.7,0,1,1,26.0
C0487,J0011,0.25,0.7,0,1,1,28.0
C0488,J0068,0.4,-4.7,1,0,1,25.0
C0488,J0124,0.0,-6.7,0,0,0,
C0489,J0003,0.0,1.8,0,0,0,
C0489,J0112,0.0,0.8,0,0,0,
C0489,J0121,0.33,2.3,0,0,0,
C0489,J0108,0.25,-2.2,0,0,0,
C0490,J0026,0.0,4.1,0,0,0,
C0490,J0073,0.0,-0.4,0,0,0,
C0490,J0108,0.25,-0.4,1,0,0,
C0490,J0121,0.0,4.1,0,0,1,29.0
C0491,J0016,0.0,2.2,0,0,0,
C0491,J0078,0.2,3.2,0,0,0,
C0491,J0117,0.0,-0.8,0,0,0,
C0491,J0054,0.0,-0.8,0,0,1,39.0
C0492,J0069,0.0,-2.2,0,0,0,
C0492,J0081,0.0,-1.2,0,0,0,
C0492,J0148,0.0,-1.2,0,0,0,
C0492,J0046,0.0,-1.2,0,0,0,
C0493,J0059,0.0,0.4,0,1,1,31.0
C0493,J0017,0.0,-0.1,0,1,1,31.0
C0493,J0074,0.0,-2.1,0,1,0,
C0493,J0028,0.0,-0.1,0,1,0,
C0494,J0088,0.0,0.1,0,1,1,31.0
C0494,J0084,0.25,0.1,0,1,0,
C0494,J0104,0.25,1.1,0,1,1,30.0
C0494,J0024,0.33,-0.9,0,1,1,26.0
C0495,J0126,0.0,-1.3,0,1,0,
C0495,J0036,0.0,0.2,0,1,1,29.0
C0496,J0033,0.0,-3.3,0,1,0,
C0496,J0068,0.0,-3.3,0,1,0,
C0496,J0015,0.0,0.7,0,1,0,
C0496,J0117,0.8,-3.3,1,1,1,10.0
C0497,J0119,0.6,2.2,1,0,1,15.0
C0497,J0040,0.2,1.2,0,0,0,
C0497,J0073,0.0,-1.8,0,0,0,
C0497,J0078,0.0,2.2,0,0,0,
C0498,J0112,0.0,3.3,0,1,0,
C0498,J0130,0.0,2.3,0,1,0,
C0498,J0089,0.0,3.3,0,1,0,
C0499,J0083,0.0,-0.1,0,0,0,
C0499,J0087,0.6,-2.1,1,0,1,22.0
C0499,J0108,0.75,-4.1,1,0,0,
C0500,J0003,0.0,-0.1,0,0,0,
C0500,J0065,0.0,-6.1,0,0,0,
C0500,J0127,0.0,-0.1,0,0,0,
C0501,J0042,0.0,1.9,0,1,0,
C0501,J0132,0.0,1.9,0,1,0,
C0501,J0017,0.0,1.9,0,1,0,
C0502,J0148,0.0,9.2,0,1,0,
C0502,J0117,0.0,6.2,0,1,1,36.0
C0502,J0058,0.0,6.2,0,1,0,
C0503,J0090,0.33,0.4,0,1,1,19.0
C0503,J0135,0.4,0.9,0,1,0,
C0503,J0102,0.2,-0.6,0,1,0,
C0503,J0109,0.2,0.4,0,1,1,37.0
C0504,J0120,0.5,2.6,1,0,1,21.0
C0504,J0062,0.0,3.6,0,0,0,
C0505,J0082,0.0,3.0,0,1,0,
C0505,J0149,0.25,3.0,0,1,1,26.0
C0505,J0147,0.25,5.5,0,1,0,
C0505,J0051,0.25,5.5,0,1,0,
C0506,J0141,0.0,0.9,0,0,1,35.0
C0506,J0126,0.33,-0.6,0,0,0,
C0507,J0034,0.4,7.4,0,0,1,16.0
C0507,J0097,0.0,4.4,0,0,0,
C0508,J0096,0.25,0.1,0,0,0,
C0508,J0095,0.25,-1.9,0,0,1,26.0
C0508,J0008,0.8,-1.9,1,0,1,20.0
C0508,J0141,1.0,0.6,1,0,1,10.0
C0509,J0069,0.5,-2.0,1,0,0,
C0509,J0035,0.0,-2.0,0,0,0,
C0509,J0141,0.33,0.5,0,0,0,
C0510,J0015,0.0,0.9,0,1,0,
C0510,J0138,0.25,-1.1,0,1,0,
C0511,J0145,0.25,-0.2,1,1,0,
C0511,J0138,0.0,-1.2,0,1,0,
C0512,J0078,0.0,1.2,0,1,0,
C0512,J0049,0.0,1.2,0,1,0,
C0513,J0037,0.0,1.3,0,0,0,
C0513,J0098,0.0,1.3,0,0,0,
C0514,J0148,0.0,1.8,0,0,0,
C0514,J0006,0.0,0.8,0,0,0,
C0514,J0052,0.0,-3.2,0,0,0,
C0515,J0120,0.0,-2.9,0,0,0,
C0515,J0056,0.0,-2.9,0,0,0,
C0515,J0082,0.0,-2.9,0,0,0,
C0515,J0115,0.0,-6.9,0,0,0,
C0516,J0137,0.0,-0.9,0,1,0,
C0516,J0148,0.0,-0.9,0,1,0,
C0517,J0044,0.0,-0.4,0,0,0,
C0517,J0105,0.0,4.1,0,0,0,
C0517,J0111,0.0,2.6,0,0,0,
C0518,J0017,0.0,2.2,0,0,0,
C0518,J0105,0.0,2.7,0,0,0,
C0518,J0010,0.0,0.2,0,0,0,
C0518,J0102,0.0,1.2,0,0,0,
C0519,J0135,0.6,-0.2,1,1,1,17.0
C0519,J0117,0.0,-4.7,0,1,1,29.0
C0519,J0134,0.0,-2.7,0,1,0,
C0520,J0080,0.0,3.9,0,0,0,
C0520,J0147,0.0,3.9,0,0,0,
C0520,J0097,0.75,-0.6,1,0,0,
C0520,J0110,0.0,2.4,0,0,0,
C0521,J0100,0.33,-5.0,1,0,1,26.0
C0521,J0063,0.0,-2.0,0,0,0,
C0521,J0121,0.0,-0.5,0,0,0,
C0521,J0001,0.0,-3.0,0,0,0,
C0522,J0093,0.0,1.1,0,0,1,31.0
C0522,J0047,0.0,1.1,0,0,0,
C0522,J0128,0.0,2.1,0,0,0,
C0523,J0119,0.0,0.2,0,0,1,27.0
C0523,J0118,0.33,0.2,0,0,1,20.0
C0523,J0112,1.0,-0.8,1,0,0,
C0524,J0083,0.0,1.8,0,1,0,
C0524,J0150,0.0,1.8,0,1,1,28.0
C0525,J0111,0.25,0.9,0,0,0,
C0525,J0029,0.0,-0.1,0,0,0,
C0525,J0043,1.0,-4.1,1,0,0,
C0525,J0094,0.33,2.4,0,0,0,
C0526,J0106,0.0,2.9,0,0,0,
C0526,J0125,0.0,6.9,0,0,0,
C0526,J0148,0.0,5.9,0,0,0,
C0526,J0014,0.0,2.9,0,0,0,
C0527,J0082,0.75,-0.6,1,0,0,
C0527,J0149,0.0,-0.6,0,0,0,
C0528,J0131,0.5,-1.2,0,0,0,
C0528,J0116,0.25,-1.2,0,0,0,
C0529,J0007,0.4,-1.0,0,1,0,
C0529,J0009,0.0,-7.0,0,1,0,
C0529,J0129,0.33,-7.0,1,1,0,
C0530,J0008,0.2,2.9,0,1,0,
C0530,J0029,0.0,2.9,0,1,0,
C0531,J0080,0.0,2.5,0,1,1,20.0
C0531,J0089,0.0,1.0,0,1,0,
C0531,J0083,0.6,2.0,1,1,1,29.0
C0531,J0045,0.33,0.0,0,1,1,21.0
C0532,J0047,0.8,1.9,1,1,0,
C0532,J0044,0.25,-1.1,0,1,0,
C0532,J0150,0.33,2.9,0,1,1,25.0
C0533,J0062,0.0,-0.8,0,0,0,
C0533,J0001,0.0,-1.8,0,0,0,
C0533,J0008,0.2,-1.8,0,0,0,
C0534,J0031,1.0,-1.9,1,0,1,12.0
C0534,J0133,1.0,-1.9,1,0,1,17.0
C0535,J0047,0.2,-1.7,0,0,0,
C0535,J0012,1.0,-0.2,1,0,0,
C0535,J0073,0.25,-4.7,0,0,0,
C0536,J0089,0.0,3.5,0,0,1,33.0
C0536,J0019,0.0,0.5,0,0,1,24.0
C0536,J0005,0.33,0.5,0,0,0,
C0536,J0041,0.5,0.5,0,0,1,20.0
C0537,J0050,0.2,3.6,0,0,0,
C0537,J0099,0.0,3.1,0,0,1,24.0
C0537,J0015,0.0,3.1,0,0,1,27.0
C0538,J0138,0.5,0.5,0,1,0,
C0538,J0109,0.2,2.5,0,1,1,31.0
C0538,J0069,1.0,0.5,1,1,1,26.0
C0539,J0135,0.0,1.2,0,0,0,
C0539,J0139,0.8,0.7,1,0,0,
C0539,J0110,0.0,-0.3,0,0,0,
C0539,J0119,0.0,0.7,0,0,0,
C0540,J0089,0.0,-1.2,0,1,0,
C0540,J0060,0.0,-6.2,0,1,0,
C0540,J0048,0.0,-1.2,0,1,0,
C0541,J0009,0.0,-6.4,0,1,0,
C0541,J0141,1.0,0.1,1,1,1,9.0
C0541,J0089,0.0,-1.4,0,1,0,
C0542,J0126,0.0,0.4,0,1,0,
C0542,J0118,0.0,1.4,0,1,1,29.0
C0543,J0036,0.67,3.0,1,0,1,23.0
C0543,J0070,0.0,0.5,0,0,0,
C0544,J0012,0.0,-0.5,0,0,0,
C0544,J0066,0.2,-1.0,0,0,0,
C0544,J0089,0.0,-2.0,0,0,0,
C0544,J0006,0.0,-3.0,0,0,0,
C0545,J0087,0.0,-3.0,0,1,1,24.0
C0545,J0093,0.0,-2.0,0,1,0,
C0545,J0072,0.0,-2.0,0,1,0,
C0545,J0035,0.4,-3.0,1,1,1,18.0
C0546,J0098,0.33,0.7,0,0,0,
C0546,J0071,0.4,-0.8,0,0,0,
C0547,J0042,0.0,1.1,0,0,0,
C0547,J0006,0.0,-0.9,0,0,0,
C0547,J0096,0.0,1.1,0,0,1,20.0
C0547,J0013,0.0,1.1,0,0,0,
C0548,J0102,0.0,1.8,0,0,0,
C0548,J0088,0.0,1.8,0,0,0,
C0548,J0093,0.2,1.8,0,0,0,
C0549,J0071,0.6,1.3,1,0,1,22.0
C0549,J0068,0.2,-1.7,0,0,0,
C0549,J0056,0.0,0.3,0,0,0,
C0550,J0149,0.0,-0.1,0,1,0,
C0550,J0027,0.0,-4.1,0,1,0,
C0550,J0115,0.0,-4.1,0,1,0,
C0550,J0142,1.0,1.9,1,1,1,25.0
C0551,J0065,0.0,-5.5,0,0,0,
C0551,J0079,0.0,0.5,0,0,0,
C0551,J0008,0.0,-1.5,0,0,0,
C0551,J0034,0.0,-0.5,0,0,0,
C0552,J0125,0.75,-0.8,1,0,1,10.0
C0552,J0052,0.75,-6.8,1,0,0,
C0552,J0099,0.0,-0.8,0,0,0,
C0552,J0070,0.0,-2.8,0,0,0,
C0553,J0143,0.0,-1.8,0,0,0,
C0553,J0042,1.0,-0.8,1,0,0,
C0554,J0046,0.0,-1.1,0,0,0,
C0554,J0087,0.0,-2.1,0,0,0,
C0554,J0121,0.0,0.4,0,0,0,
C0554,J0016,0.0,-1.1,0,0,0,
C0555,J0097,0.0,-4.5,0,1,0,
C0555,J0061,0.0,0.0,0,1,0,
C0555,J0104,0.25,-0.5,0,1,0,
C0555,J0040,0.4,-1.5,0,1,0,
C0556,J0119,0.0,2.7,0,0,0,
C0556,J0110,0.0,1.7,0,0,0,
C0557,J0148,0.0,-0.6,0,1,0,
C0557,J0013,0.0,0.4,0,1,0,
C0557,J0146,0.0,0.9,0,1,0,
C0557,J0036,0.0,0.9,0,1,1,27.0
C0558,J0006,0.0,-2.7,0,0,0,
C0558,J0040,0.6,-1.7,1,0,0,
C0558,J0119,0.0,-0.7,0,0,0,
C0558,J0131,0.0,-1.7,0,0,0,
C0559,J0087,0.0,1.4,0,0,0,
C0559,J0034,0.2,2.4,0,0,1,26.0
C0560,J0058,0.0,-3.4,0,1,0,
C0560,J0045,0.33,-1.4,1,1,0,
C0561,J0146,0.0,3.0,0,1,0,
C0561,J0034,0.0,1.5,0,1,0,
C0561,J0093,0.0,1.5,0,1,1,37.0
C0562,J0081,0.0,0.5,0,0,1,44.0
C0562,J0066,0.0,1.5,0,0,1,21.0
C0562,J0004,0.0,-4.5,0,0,0,
C0562,J0028,0.0,1.5,0,0,1,21.0
C0563,J0100,0.0,6.7,0,1,0,
C0563,J0036,0.0,11.2,0,1,1,30.0
C0564,J0104,0.0,4.3,0,0,0,
C0564,J0094,0.67,4.8,1,0,1,15.0
C0564,J0093,0.0,3.3,0,0,0,
C0564,J0101,0.2,2.3,0,0,0,
C0565,J0074,0.33,1.6,0,1,0,
C0565,J0028,0.0,3.6,0,1,0,
C0566,J0026,0.0,5.7,0,0,0,
C0566,J0053,0.33,4.2,1,0,1,19.0
C0566,J0040,0.0,4.2,0,0,0,
C0566,J0063,0.0,4.2,1,0,0,
C0567,J0075,0.2,0.7,0,1,1,37.0
C0567,J0068,0.6,-3.3,1,1,0,
C0567,J0015,0.0,0.7,0,1,1,19.0
C0568,J0130,0.33,-2.7,0,0,0,
C0568,J0003,0.2,-0.7,0,0,1,24.0
C0569,J0045,0.0,1.5,0,0,0,
C0569,J0041,0.0,-0.5,0,0,0,
C0570,J0009,0.2,-4.2,0,1,0,
C0570,J0121,1.0,2.3,1,1,1,10.0
C0570,J0139,0.0,1.8,0,1,0,
C0571,J0134,0.0,-1.1,0,0,0,
C0571,J0141,1.0,1.4,1,0,1,15.0
C0572,J0068,0.0,-4.0,0,0,0,
C0572,J0138,0.0,-2.0,0,0,0,
C0572,J0100,0.67,-4.0,1,0,1,11.0
C0572,J0044,0.0,-4.0,0,0,0,
C0573,J0103,0.0,3.6,0,0,0,
C0573,J0073,1.0,-0.4,1,0,1,21.0
C0573,J0088,0.0,2.6,0,0,0,
C0573,J0042,0.0,3.6,0,0,0,
C0574,J0123,1.0,-3.2,1,0,0,
C0574,J0103,0.0,0.8,0,0,0,
C0575,J0069,0.25,2.8,0,1,0,
C0575,J0031,0.2,3.8,0,1,0,
C0575,J0114,0.6,3.8,1,1,1,22.0
C0576,J0093,0.4,-1.6,0,0,1,20.0
C0576,J0087,0.2,-2.6,0,0,0,
C0577,J0088,0.0,-1.7,0,1,1,30.0
C0577,J0132,0.0,-0.7,0,1,0,
C0578,J0075,0.8,8.9,1,1,1,27.0
C0578,J0133,0.75,7.9,1,1,1,28.0
C0579,J0059,0.2,4.8,0,1,0,
C0579,J0150,0.33,4.3,0,1,1,27.0
C0579,J0143,0.0,3.3,0,1,0,
C0579,J0003,0.8,4.3,1,1,0,
C0580,J0087,0.2,8.9,0,1,1,30.0
C0580,J0146,0.67,11.4,1,1,1,25.0
C0580,J0048,0.0,9.9,0,1,1,30.0
C0581,J0025,0.0,-1.4,0,0,0,
C0581,J0041,0.0,-4.4,0,0,1,23.0
C0581,J0036,0.0,0.1,0,0,1,28.0
C0581,J0007,0.2,-0.4,0,0,0,
C0582,J0079,0.75,1.8,1,0,1,8.0
C0582,J0062,0.0,0.8,0,0,1,27.0
C0582,J0120,0.0,-0.2,0,0,0,
C0583,J0038,1.0,2.8,1,0,1,12.0
C0583,J0081,0.0,1.8,0,0,1,36.0
C0583,J0031,0.0,1.8,0,0,0,
C0584,J0140,0.4,-0.5,0,0,0,
C0584,J0125,0.25,1.5,0,0,0,
C0584,J0023,0.4,0.5,0,0,1,23.0
C0585,J0015,0.0,0.6,0,1,0,
C0585,J0114,0.2,-0.4,0,1,0,
C0585,J0041,0.25,-3.4,0,1,0,
C0585,J0128,0.0,0.6,0,1,0,
C0586,J0069,0.0,-0.6,0,0,0,
C0586,J0132,0.0,1.4,0,0,0,
C0586,J0108,0.0,-2.6,0,0,1,33.0
C0587,J0003,0.0,0.7,0,1,1,33.0
C0587,J0038,0.0,0.7,0,1,0,
C0587,J0092,0.0,-1.3,0,1,0,
C0588,J0093,0.0,1.3,0,0,1,29.0
C0588,J0126,0.0,1.3,0,0,0,
C0588,J0111,0.0,1.3,0,0,0,
C0588,J0034,0.0,1.3,0,0,0,
C0589,J0148,0.0,2.2,0,1,1,25.0
C0589,J0016,0.25,2.2,1,1,0,
C0589,J0127,0.0,3.2,0,1,0,
C0589,J0103,0.0,3.2,1,1,0,
C0590,J0027,0.4,-2.1,1,0,0,
C0590,J0147,0.0,4.4,0,0,0,
C0591,J0042,0.33,1.1,0,1,1,14.0
C0591,J0072,0.67,0.1,1,1,0,
C0591,J0073,0.0,-2.9,0,1,0,
C0591,J0023,0.6,0.1,1,1,1,18.0
C0592,J0032,0.0,0.2,0,0,0,
C0592,J0053,0.0,-0.8,0,0,0,
C0592,J0006,0.0,-1.8,0,0,0,
C0593,J0124,0.0,-6.6,0,0,0,
C0593,J0072,0.0,-1.6,0,0,0,
C0594,J0098,0.0,0.3,0,1,0,
C0594,J0140,0.2,-2.2,0,1,1,30.0
C0594,J0106,0.2,-4.2,0,1,0,
C0595,J0025,0.67,0.4,1,0,1,17.0
C0595,J0090,0.0,1.4,0,0,0,
C0596,J0069,0.0,4.2,0,0,0,
C0596,J0128,0.0,6.2,0,0,0,
C0597,J0070,0.75,-1.6,1,0,0,
C0597,J0115,0.0,-5.6,0,0,0,
C0597,J0044,0.0,-3.6,0,0,0,
C0597,J0081,0.0,-0.6,0,0,1,34.0
C0598,J0145,0.0,2.5,0,0,1,35.0
C0598,J0117,0.0,-0.5,0,0,0,
C0599,J0054,0.0,-4.7,0,1,0,
C0599,J0003,0.0,-0.7,0,1,1,32.0
C0599,J0111,0.0,-1.7,0,1,0,
C0599,J0011,0.0,-1.7,0,1,0,
C0600,J0119,0.0,2.0,0,0,0,
C0600,J0065,0.0,-4.0,0,0,0,
C0600,J0028,0.0,2.0,0,0,0,
C0600,J0148,0.0,1.0,0,0,0,
C0601,J0095,0.25,3.8,0,0,1,33.0
C0601,J0020,0.0,6.3,0,0,0,
C0601,J0029,0.0,3.8,0,0,0,
C0602,J0119,0.0,3.7,0,1,0,
C0602,J0113,0.33,2.7,0,1,0,
C0602,J0139,0.0,3.7,0,1,1,46.0
C0602,J0053,0.0,2.7,0,1,0,
C0603,J0099,0.0,5.8,0,0,0,
C0603,J0089,0.0,4.8,0,0,0,
C0603,J0007,0.8,5.8,1,0,1,21.0
C0604,J0127,0.0,-0.3,0,1,0,
C0604,J0092,0.0,-2.3,0,1,0,
C0604,J0150,0.33,-0.3,0,1,0,
C0604,J0133,0.25,-1.3,0,1,1,37.0
C0605,J0044,0.0,0.2,0,1,0,
C0605,J0039,0.33,2.2,0,1,0,
C0606,J0040,0.2,-1.7,0,1,0,
C0606,J0035,0.0,-2.7,0,1,0,
C0606,J0117,0.0,-4.7,0,1,0,
C0607,J0015,0.0,0.2,1,0,0,
C0607,J0017,0.0,0.2,0,0,0,
C0607,J0009,0.0,-5.8,0,0,0,
C0607,J0125,0.0,0.2,0,0,0,
C0608,J0113,0.0,1.3,0,0,1,33.0
C0608,J0124,0.0,-3.7,0,0,0,
C0608,J0021,0.0,2.3,0,0,0,
C0608,J0110,0.0,1.3,0,0,0,
C0609,J0077,0.0,4.7,0,0,0,
C0609,J0105,0.0,11.2,0,0,0,
C0609,J0039,0.67,8.7,1,0,1,12.0
C0610,J0103,0.0,1.5,1,1,0,
C0610,J0082,0.0,-0.5,0,1,0,
C0611,J0136,0.0,-0.3,0,1,0,
C0611,J0125,0.25,-0.3,0,1,0,
C0612,J0048,0.0,3.9,0,0,0,
C0612,J0003,1.0,4.9,1,0,1,19.0
C0613,J0145,0.75,2.3,1,1,0,
C0613,J0055,0.6,3.3,1,1,0,
C0613,J0020,0.33,3.8,1,1,0,
C0614,J0038,0.0,0.8,0,0,1,30.0
C0614,J0123,0.2,-3.2,0,0,0,
C0614,J0098,0.33,1.3,0,0,0,
C0614,J0056,0.0,-1.2,0,0,0,
C0615,J0085,0.2,4.4,0,0,0,
C0615,J0145,0.0,4.4,0,0,1,19.0
C0615,J0073,0.0,1.4,0,0,0,
C0615,J0119,0.8,5.4,1,0,1,18.0
C0616,J0060,0.0,-1.8,0,0,0,
C0616,J0082,0.0,2.2,0,0,1,28.0
C0617,J0097,1.0,2.1,1,0,1,19.0
C0617,J0122,0.0,5.1,0,0,0,
C0617,J0144,0.0,6.6,0,0,0,
C0617,J0019,0.0,2.1,0,0,0,
C0618,J0025,0.0,1.2,0,0,0,
C0618,J0098,0.33,2.7,0,0,1,21.0
C0618,J0018,0.8,2.7,1,0,1,18.0
C0618,J0116,0.0,1.2,0,0,0,
C0619,J0059,0.0,4.4,0,0,0,
C0619,J0033,0.0,-0.1,0,0,0,
C0619,J0054,0.2,-0.1,1,0,0,
C0620,J0110,0.0,-1.6,0,0,0,
C0620,J0007,0.0,-0.6,0,0,0,
C0620,J0022,0.2,-6.6,1,0,0,
C0621,J0045,0.33,-3.0,0,0,0,
C0621,J0136,0.0,-1.0,0,0,0,
C0621,J0127,0.25,-1.0,0,0,0,
C0621,J0022,0.0,-7.0,0,0,0,
C0622,J0002,0.0,-6.2,0,0,0,
C0622,J0094,0.0,0.3,0,0,0,
C0622,J0144,0.0,0.3,0,0,0,
C0623,J0136,0.0,0.2,0,0,1,29.0
C0623,J0029,0.0,-1.8,0,0,0,
C0623,J0036,0.0,0.7,0,0,0,
C0623,J0048,0.0,-0.8,0,0,0,
C0624,J0116,0.0,-1.3,0,0,0,
C0624,J0022,0.0,-6.3,0,0,0,
C0624,J0128,0.0,-0.3,0,0,0,
C0625,J0066,0.0,3.3,0,0,0,
C0625,J0036,0.0,3.8,0,0,0,
C0626,J0054,0.0,-0.3,0,0,0,
C0626,J0016,0.0,2.7,0,0,0,
C0626,J0087,0.2,1.7,0,0,1,24.0
C0627,J0097,0.5,1.2,1,0,1,25.0
C0627,J0001,0.0,3.2,0,0,1,29.0
C0628,J0113,0.67,-0.2,1,1,0,
C0628,J0010,0.25,-1.2,0,1,1,27.0
C0628,J0064,0.75,0.8,1,1,1,29.0
C0628,J0063,0.0,-0.2,0,1,0,
C0629,J0115,0.0,-6.6,0,1,0,
C0629,J0074,0.33,-2.6,0,1,0,
C0630,J0006,0.0,-1.4,0,1,0,
C0630,J0096,0.0,0.6,0,1,1,29.0
C0630,J0019,0.0,-3.4,0,1,0,
C0631,J0027,0.0,3.2,0,1,0,
C0631,J0043,0.2,3.2,0,1,0,
C0632,J0141,0.0,6.7,0,1,0,
C0632,J0022,0.0,0.2,0,1,0,
C0632,J0064,0.25,6.2,0,1,1,26.0
C0633,J0042,1.0,11.0,1,0,0,
C0633,J0075,0.4,11.0,0,0,0,
C0634,J0113,0.33,3.3,0,1,0,
C0634,J0101,0.2,2.3,0,1,1,25.0
C0634,J0136,0.0,4.3,0,1,0,
C0634,J0061,0.0,4.8,0,1,0,
C0635,J0009,0.0,-6.3,0,0,0,
C0635,J0020,0.0,0.2,0,0,1,26.0
C0636,J0105,0.0,0.3,0,0,0,
C0636,J0129,0.0,-6.2,0,0,0,
C0637,J0004,0.0,-1.8,0,0,0,
C0637,J0109,0.0,4.2,0,0,0,
C0637,J0101,0.0,2.2,0,0,0,
C0637,J0055,0.0,4.2,0,0,1,25.0
C0638,J0092,0.0,1.1,0,1,0,
C0638,J0047,0.0,2.1,0,1,0,
C0639,J0146,0.33,5.8,0,0,0,
C0639,J0045,0.33,3.3,0,0,1,27.0
C0640,J0043,0.2,-6.4,0,0,0,
C0640,J0039,0.33,-2.4,0,0,1,22.0
C0641,J0032,0.33,0.0,1,0,0,
C0641,J0112,0.0,-1.0,0,0,1,12.0
C0641,J0135,0.6,0.5,1,0,0,
C0642,J0019,0.0,0.8,0,0,0,
C0642,J0024,0.33,2.8,0,0,1,26.0
C0642,J0112,0.33,3.8,0,0,1,16.0
C0642,J0147,0.0,5.3,0,0,0,
C0643,J0088,0.0,-1.3,0,1,0,
C0643,J0008,0.0,-2.3,0,1,0,
C0643,J0108,0.0,-4.3,0,1,0,
C0644,J0061,0.0,6.7,0,1,0,
C0644,J0013,0.0,6.2,0,1,0,
C0644,J0136,0.0,6.2,0,1,0,
C0645,J0093,0.4,7.4,0,1,0,
C0645,J0081,0.0,7.4,0,1,0,
C0646,J0050,0.0,0.6,0,1,1,21.0
C0646,J0136,0.0,0.1,0,1,1,40.0
C0646,J0103,0.67,0.1,1,1,0,
C0647,J0088,0.0,-0.7,0,0,0,
C0647,J0144,0.0,0.8,0,0,0,
C0647,J0098,0.0,0.8,0,0,0,
C0647,J0149,0.0,-1.7,0,0,0,
C0648,J0149,0.25,0.0,0,1,0,
C0648,J0045,0.0,0.0,0,1,0,
C0648,J0052,0.25,-4.0,0,1,0,
C0649,J0030,0.33,1.4,0,0,0,
C0649,J0018,0.4,2.9,0,0,1,27.0
C0649,J0093,0.2,1.4,0,0,0,
C0649,J0117,0.0,-1.6,0,0,0,
C0650,J0061,0.0,1.5,0,1,0,
C0650,J0053,0.0,0.0,0,1,0,
C0650,J0116,0.0,0.0,0,1,1,25.0
C0651,J0073,0.0,-3.1,0,0,0,
C0651,J0132,0.4,0.9,1,0,0,
C0652,J0014,0.0,-4.8,0,0,0,
C0652,J0070,0.0,-2.8,0,0,0,
C0652,J0002,0.0,-6.8,0,0,0,
C0653,J0136,0.0,1.8,0,0,0,
C0653,J0015,0.0,1.8,0,0,0,
C0653,J0024,0.33,-0.2,0,0,0,
C0654,J0058,0.0,5.7,0,0,0,
C0654,J0042,0.0,9.7,0,0,0,
C0654,J0143,0.0,8.7,0,0,0,
C0654,J0035,0.2,7.7,1,0,1,26.0
C0655,J0028,0.0,0.9,0,0,1,14.0
C0655,J0107,0.0,-1.1,0,0,0,
C0656,J0133,0.25,0.2,0,0,0,
C0656,J0109,0.2,1.2,0,0,0,
C0656,J0057,0.25,-2.8,0,0,0,
C0656,J0032,0.33,1.2,0,0,0,
C0657,J0032,0.33,4.4,0,0,0,
C0657,J0034,0.2,3.4,0,0,0,
C0657,J0022,0.0,-1.6,0,0,0,
C0657,J0082,0.5,2.4,1,0,0,
C0658,J0136,0.0,3.9,0,0,0,
C0658,J0087,0.0,1.9,0,0,0,
C0658,J0082,0.0,1.9,0,0,0,
C0659,J0005,0.33,-4.9,0,1,1,27.0
C0659,J0096,0.5,-0.9,0,1,0,
C0660,J0056,0.0,-0.1,0,0,0,
C0660,J0106,0.0,-2.1,0,0,0,
C0661,J0110,0.0,0.6,0,1,0,
C0661,J0053,0.0,0.6,0,1,0,
C0661,J0021,0.0,1.6,0,1,1,27.0
C0661,J0102,0.0,0.6,0,1,0,
C0662,J0045,0.0,11.8,0,0,0,
C0662,J0138,0.0,11.8,0,0,0,
C0662,J0130,0.0,11.8,0,0,1,26.0
C0662,J0114,0.0,12.8,0,0,0,
C0663,J0117,0.0,-3.5,0,1,0,
C0663,J0002,0.33,-5.5,0,1,0,
C0663,J0134,0.0,-1.5,0,1,0,
C0664,J0129,0.0,-3.2,0,0,0,
C0664,J0063,0.0,1.8,0,0,0,
C0664,J0147,0.0,3.3,0,0,0,
C0664,J0051,0.75,3.3,1,0,0,
C0665,J0129,0.0,-3.2,0,1,0,
C0665,J0099,0.0,2.8,0,1,0,
C0666,J0057,0.0,-2.0,0,0,0,
C0666,J0100,0.0,-2.0,0,0,1,23.0
C0666,J0017,0.0,2.0,0,0,0,
C0667,J0089,0.0,-1.9,0,0,0,
C0667,J0060,0.2,-6.9,0,0,0,
C0667,J0012,0.0,-0.4,0,0,0,
C0667,J0085,0.0,-1.9,0,0,0,
C0668,J0081,0.8,-0.5,1,0,0,
C0668,J0118,0.0,0.5,0,0,1,40.0
C0669,J0017,0.0,1.7,0,1,0,
C0669,J0107,0.25,-0.3,0,1,1,22.0
C0669,J0139,0.0,1.7,0,1,0,
C0669,J0124,0.8,-4.3,1,1,1,10.0
C0670,J0057,0.0,-4.7,0,1,0,
C0670,J0135,0.2,-0.2,0,1,0,
C0671,J0051,0.75,2.6,1,1,1,13.0
C0671,J0119,0.0,2.1,0,1,1,30.0
C0671,J0076,0.0,2.1,0,1,0,
C0671,J0046,0.8,1.1,1,1,0,
C0672,J0051,0.0,-0.5,0,1,0,
C0672,J0115,0.0,-7.0,0,1,0,
C0672,J0134,0.0,-3.0,0,1,0,
C0672,J0026,0.0,-0.5,0,1,0,
C0673,J0050,0.6,0.0,1,1,1,15.0
C0673,J0042,0.33,-0.5,1,1,0,
C0673,J0111,0.25,-1.5,0,1,1,39.0
C0673,J0076,0.0,-0.5,0,1,1,22.0
C0674,J0128,0.33,6.0,1,0,0,
C0674,J0145,0.0,5.0,0,0,0,
C0674,J0073,0.5,2.0,1,0,0,
C0674,J0111,0.25,5.0,1,0,1,39.0
C0675,J0083,0.6,4.1,0,0,1,27.0
C0675,J0014,0.0,0.1,0,0,0,
C0676,J0131,0.0,0.0,0,0,0,
C0676,J0105,0.0,1.5,0,0,1,28.0
C0676,J0004,0.0,-5.0,0,0,0,
C0677,J0066,0.4,4.0,0,0,0,
C0677,J0106,0.6,0.0,1,0,1,24.0
C0677,J0117,0.0,0.0,0,0,1,29.0
C0677,J0103,0.0,4.0,0,0,1,35.0
C0678,J0065,0.33,-3.8,0,1,0,
C0678,J0043,1.0,-3.8,1,1,0,
C0679,J0065,0.0,-5.4,0,0,0,
C0679,J0086,0.0,0.6,0,0,0,
C0679,J0004,0.0,-5.4,0,0,0,
C0679,J0134,0.0,-1.4,0,0,0,
C0680,J0149,0.75,1.7,1,1,1,19.0
C0680,J0067,0.0,3.7,0,1,0,
C0680,J0116,0.0,2.7,0,1,0,
C0681,J0005,0.0,-3.2,0,1,0,
C0681,J0113,0.0,-0.2,0,1,0,
C0681,J0072,0.0,-0.2,0,1,0,
C0682,J0109,1.0,0.2,1,0,1,12.0
C0682,J0061,0.0,0.7,0,0,0,
C0682,J0147,0.0,0.7,0,0,1,29.0
C0683,J0032,0.0,-0.9,0,0,0,
C0683,J0023,0.0,-1.9,0,0,0,
C0684,J0120,0.0,-2.5,0,0,0,
C0684,J0095,0.0,-2.5,0,0,0,
C0684,J0103,0.0,-0.5,0,0,0,
C0685,J0020,0.0,3.8,0,0,0,
C0685,J0001,0.0,1.3,0,0,0,
C0686,J0150,0.0,2.1,0,0,0,
C0686,J0061,0.0,2.6,0,0,1,40.0
C0686,J0133,0.75,1.1,1,0,1,22.0
C0687,J0114,0.4,2.7,0,0,1,18.0
C0687,J0100,0.0,-0.3,0,0,1,22.0
C0687,J0033,0.75,-0.3,1,0,0,
C0687,J0049,0.0,3.7,0,0,0,
C0688,J0067,0.0,1.8,0,0,1,30.0
C0688,J0106,0.2,-2.2,0,0,1,12.0
C0688,J0146,0.0,2.3,0,0,0,
C0688,J0076,0.0,1.8,0,0,0,
C0689,J0104,0.25,1.5,0,0,0,
C0689,J0044,0.25,-2.5,0,0,1,26.0
C0690,J0095,0.0,-1.0,0,0,0,
C0690,J0109,0.0,1.0,0,0,0,
C0690,J0021,0.0,1.0,0,0,0,
C0690,J0146,0.0,1.5,0,0,0,
C0691,J0078,0.0,-0.6,0,0,0,
C0691,J0054,0.0,-4.6,0,0,0,
C0692,J0136,0.0,0.5,0,0,0,
C0692,J0105,0.75,1.0,1,0,1,20.0
C0693,J0123,0.0,-4.5,0,0,0,
C0693,J0064,0.0,-0.5,0,0,0,
C0693,J0019,0.0,-4.5,0,0,0,
C0693,J0127,0.0,-0.5,0,0,0,
C0694,J0007,0.2,-0.6,0,0,0,
C0694,J0022,0.0,-6.6,0,0,0,
C0695,J0127,1.0,0.8,1,0,1,5.0
C0695,J0140,0.0,-1.2,0,0,0,
C0696,J0130,0.0,-2.0,0,0,0,
C0696,J0088,0.33,-1.0,1,0,1,19.0
C0697,J0115,0.0,3.6,0,1,1,25.0
C0697,J0020,0.0,10.1,0,1,0,
C0698,J0006,0.0,-0.6,0,1,0,
C0698,J0073,0.0,-2.6,0,1,0,
C0698,J0104,0.0,1.4,0,1,0,
C0698,J0145,0.0,0.4,0,1,0,
C0699,J0137,0.0,3.5,0,1,0,
C0699,J0019,0.6,0.5,1,1,0,
C0700,J0007,0.4,-0.4,1,0,0,
C0700,J0023,0.0,-1.4,0,0,0,
C0700,J0040,0.2,-1.4,0,0,0,
C0700,J0001,0.2,-2.4,0,0,0,
C0701,J0068,0.0,-4.2,0,0,0,
C0701,J0118,0.0,-0.2,0,0,0,
C0701,J0008,0.0,-2.2,0,0,0,
C0702,J0103,0.0,1.6,0,0,1,36.0
C0702,J0081,0.0,0.6,0,0,0,
C0703,J0036,0.0,4.6,0,1,0,
C0703,J0044,0.0,0.1,0,1,1,25.0
C0704,J0087,0.2,3.4,0,0,0,
C0704,J0098,0.33,5.9,0,0,1,21.0
C0704,J0062,0.0,4.4,0,0,0,
C0704,J0124,0.8,-0.6,1,0,0,
C0705,J0009,0.0,-5.1,0,0,0,
C0705,J0073,0.0,-3.1,0,0,0,
C0706,J0084,0.0,-0.1,0,0,0,
C0706,J0098,0.0,1.4,0,0,0,
C0707,J0137,0.0,0.7,0,0,0,
C0707,J0051,0.0,2.2,0,0,0,
C0707,J0084,0.0,0.7,0,0,0,
C0708,J0118,0.0,5.1,0,1,0,
C0708,J0120,0.0,3.1,0,1,0,
C0708,J0132,0.6,5.1,1,1,0,
C0709,J0136,0.0,-0.8,0,0,0,
C0709,J0028,0.8,-0.8,1,0,0,
C0710,J0117,0.0,3.6,0,0,0,
C0710,J0020,0.0,8.1,0,0,0,
C0710,J0005,0.33,3.6,0,0,1,23.0
C0710,J0108,0.25,3.6,0,0,0,
C0711,J0046,0.0,-1.7,0,0,0,
C0711,J0150,0.0,-0.7,0,0,0,
C0711,J0087,0.0,-2.7,0,0,0,
C0711,J0066,0.0,-0.7,0,0,0,
C0712,J0002,0.0,-5.6,0,0,0,
C0712,J0031,0.2,-0.6,0,0,1,32.0
C0712,J0046,0.0,-0.6,0,0,0,
C0713,J0109,0.0,0.7,0,1,1,32.0
C0713,J0075,0.0,0.7,0,1,0,
C0714,J0109,0.0,1.6,0,1,0,
C0714,J0138,0.0,-0.4,0,1,0,
C0714,J0077,0.6,-4.4,1,1,1,23.0
C0714,J0036,0.0,2.1,0,1,0,
C0715,J0009,0.0,-5.2,0,0,0,
C0715,J0014,0.0,-3.2,0,0,0,
C0715,J0105,0.5,1.3,1,0,0,
C0715,J0032,0.0,0.8,0,0,0,
C0716,J0026,1.0,8.9,1,0,0,
C0716,J0134,0.0,6.4,0,0,0,
C0716,J0079,1.0,8.4,1,0,1,19.0
C0716,J0004,1.0,2.4,1,0,1,19.0
C0717,J0114,0.2,-2.0,0,0,0,
C0717,J0027,0.0,-7.0,0,0,0,
C0717,J0056,0.0,-3.0,0,0,0,
C0718,J0143,0.0,-1.8,0,0,0,
C0718,J0019,0.0,-4.8,0,0,1,38.0
C0719,J0055,0.4,9.7,1,1,1,25.0
C0719,J0145,0.25,8.7,1,1,0,
C0719,J0011,0.0,8.7,0,1,0,
C0719,J0044,0.0,5.7,0,1,0,
C0720,J0040,0.2,-0.1,0,1,0,
C0720,J0010,0.0,-1.1,0,1,0,
C0721,J0041,0.0,-2.8,0,1,0,
C0721,J0076,0.67,1.2,1,1,0,
C0721,J0017,0.0,1.2,0,1,0,
C0722,J0029,0.33,1.9,0,0,0,
C0722,J0055,0.0,3.9,0,0,0,
C0723,J0022,0.0,-2.3,0,0,0,
C0723,J0090,0.0,3.7,0,0,1,30.0
C0724,J0037,0.0,4.8,0,0,0,
C0724,J0068,0.6,0.3,1,0,1,24.0
C0725,J0059,0.6,0.8,1,0,1,27.0
C0725,J0114,0.6,-0.7,1,0,0,
C0725,J0058,0.0,-3.7,0,0,0,
C0725,J0051,0.25,0.8,0,0,0,
C0726,J0007,0.0,3.2,0,1,0,
C0726,J0136,0.6,3.2,1,1,0,
C0727,J0098,0.33,6.0,0,0,1,27.0
C0727,J0041,0.5,1.5,0,0,1,21.0
C0727,J0049,0.0,5.5,0,0,1,30.0
C0728,J0039,0.0,-1.0,0,0,0,
C0728,J0047,0.0,0.0,0,0,1,27.0
C0728,J0078,0.0,1.0,0,0,0,
C0729,J0003,0.0,-0.9,0,0,0,
C0729,J0107,0.5,-2.9,1,0,1,13.0
C0729,J0025,0.0,-1.9,0,0,0,
C0729,J0147,0.5,-0.4,1,0,0,
C0730,J0005,0.33,0.0,0,0,0,
C0730,J0149,0.25,2.0,0,0,1,28.0
C0730,J0018,0.8,4.5,1,0,1,23.0
C0730,J0105,0.0,4.5,0,0,0,
C0731,J0133,0.0,-1.7,0,1,0,
C0731,J0019,0.0,-4.7,0,1,0,
C0732,J0089,0.0,0.1,0,1,0,
C0732,J0012,0.0,1.6,0,1,1,28.0
C0732,J0036,0.0,1.6,0,1,1,23.0
C0732,J0136,0.4,1.1,1,1,1,21.0
C0733,J0130,0.33,-2.5,0,1,0,
C0733,J0039,0.33,-2.5,0,1,0,
C0733,J0087,0.0,-2.5,0,1,0,
C0733,J0032,0.33,-0.5,0,1,0,
C0734,J0012,1.0,0.3,1,1,1,13.0
C0734,J0063,0.0,-1.2,0,1,0,
C0734,J0122,0.25,-1.2,0,1,0,
C0734,J0103,0.0,-0.2,0,1,0,
C0735,J0128,0.33,-0.5,0,0,0,
C0735,J0088,0.33,-1.5,0,0,0,
C0735,J0069,0.75,-2.5,1,0,1,21.0
C0735,J0048,0.0,-1.5,0,0,0,
C0736,J0128,0.33,0.9,0,1,1,26.0
C0736,J0058,0.0,-3.1,0,1,0,
C0737,J0125,0.25,-0.9,0,0,0,
C0737,J0085,0.6,-1.9,1,0,0,
C0737,J0143,0.0,-1.9,0,0,0,
C0737,J0107,0.0,-2.9,0,0,0,
C0738,J0057,0.5,-4.6,1,0,1,22.0
C0738,J0063,0.0,-1.6,0,0,0,
C0739,J0112,0.0,-0.2,0,0,0,
C0739,J0147,0.0,1.3,0,0,0,
C0739,J0117,0.0,-3.2,0,0,1,37.0
C0740,J0060,0.0,-3.6,0,1,0,
C0740,J0067,0.0,2.4,0,1,1,27.0
C0741,J0054,0.0,-3.9,0,0,0,
C0741,J0044,0.25,-3.9,0,0,0,
C0741,J0005,0.33,-3.9,0,0,0,
C0741,J0121,0.33,0.6,0,0,0,
C0742,J0131,1.0,-1.5,1,0,1,10.0
C0742,J0112,0.0,-1.5,0,0,0,
C0742,J0038,1.0,-0.5,1,0,0,
C0742,J0052,0.0,-6.5,0,0,0,
C0743,J0110,0.2,-1.5,0,1,0,
C0743,J0093,0.4,-1.5,0,1,0,
C0743,J0030,0.33,-1.5,0,1,0,
C0744,J0018,0.0,-0.3,0,0,0,
C0744,J0039,0.0,-2.8,0,0,0,
C0744,J0058,0.0,-4.8,0,0,0,
C0745,J0147,0.25,0.1,0,1,0,
C0745,J0007,0.8,-0.4,1,1,1,21.0
C0745,J0116,0.25,-1.4,0,1,0,
C0746,J0047,0.2,1.7,0,1,0,
C0746,J0039,0.33,0.7,0,1,0,
C0746,J0150,1.0,2.7,1,1,1,14.0
C0746,J0142,0.0,2.7,0,1,1,26.0
C0747,J0135,0.6,0.7,1,0,0,
C0747,J0142,0.33,0.2,1,0,0,
C0748,J0086,0.25,-0.7,0,0,0,
C0748,J0055,0.0,-0.7,0,0,0,
C0748,J0061,0.0,-0.2,0,0,1,28.0
C0749,J0089,0.0,4.0,0,1,0,
C0749,J0033,0.25,1.0,0,1,1,27.0
C0749,J0030,0.0,4.0,0,1,0,
C0750,J0127,0.75,0.7,1,0,1,25.0
C0750,J0041,0.0,-3.3,0,0,0,
C0750,J0028,0.8,0.7,1,0,1,25.0
C0751,J0147,0.0,2.9,0,0,0,
C0751,J0117,0.0,-1.6,0,0,0,
C0752,J0113,0.33,-0.5,1,1,0,
C0752,J0074,0.0,-1.5,0,1,0,
C0752,J0126,0.0,-0.5,0,1,1,35.0
C0752,J0062,0.0,-0.5,0,1,0,
C0753,J0108,0.0,-4.6,0,1,0,
C0753,J0007,0.0,-0.6,0,1,0,
C0754,J0122,0.0,8.1,0,1,0,
C0754,J0078,0.0,9.1,0,1,0,
C0754,J0135,0.0,9.6,0,1,1,34.0
C0755,J0002,0.0,1.6,0,0,0,
C0755,J0070,0.0,5.6,0,0,0,
C0756,J0097,0.0,-1.9,0,0,0,
C0756,J0061,0.0,2.6,0,0,0,
C0757,J0005,0.0,-3.5,0,0,0,
C0757,J0011,0.0,-0.5,0,0,0,
C0757,J0044,0.0,-3.5,0,0,0,
C0757,J0115,0.0,-5.5,0,0,0,
C0758,J0058,0.0,-4.3,0,0,0,
C0758,J0146,1.0,0.2,1,0,1,5.0
C0758,J0141,0.0,0.2,0,0,1,24.0
C0758,J0144,0.33,0.2,0,0,1,25.0
C0759,J0112,1.0,3.9,1,0,1,20.0
C0759,J0102,0.2,3.9,0,0,1,30.0
C0760,J0056,0.0,2.7,0,1,0,
C0760,J0139,0.0,4.7,0,1,1,22.0
C0761,J0117,0.0,-1.1,0,1,0,
C0761,J0036,0.0,3.4,0,1,1,33.0
C0761,J0065,1.0,-3.1,1,1,1,9.0
C0762,J0100,0.0,-2.2,0,0,0,
C0762,J0137,0.0,0.8,0,0,0,
C0762,J0037,0.0,2.3,0,0,0,
C0763,J0027,0.0,-6.6,0,1,0,
C0763,J0089,0.0,-1.6,0,1,0,
C0763,J0110,0.0,-1.6,0,1,0,
C0763,J0023,0.0,-1.6,0,1,0,
C0764,J0015,0.0,0.5,0,0,1,38.0
C0764,J0042,1.0,0.5,1,0,1,14.0
C0764,J0130,0.33,-1.5,0,0,0,
C0764,J0014,0.0,-3.5,0,0,0,
C0765,J0100,0.0,-4.7,0,1,0,
C0765,J0122,0.25,-1.7,0,1,1,34.0
C0765,J0109,0.2,-0.7,0,1,0,
C0766,J0065,0.0,-6.6,0,0,1,32.0
C0766,J0013,0.0,-0.6,0,0,0,
C0766,J0035,0.0,-2.6,0,0,0,
C0767,J0072,0.0,1.5,0,1,0,
C0767,J0074,0.33,0.5,1,1,0,
C0767,J0077,0.0,-3.5,0,1,1,24.0
C0767,J0117,0.0,-1.5,0,1,0,
C0768,J0052,0.0,-6.9,0,0,0,
C0768,J0035,0.0,-2.9,0,0,0,
C0769,J0026,0.0,3.5,0,1,1,33.0
C0769,J0030,0.0,2.0,0,1,0,
C0769,J0112,0.0,2.0,0,1,1,28.0
C0769,J0093,0.0,2.0,0,1,0,
C0770,J0054,0.0,-5.0,0,1,0,
C0770,J0137,0.0,-2.0,0,1,0,
C0770,J0026,0.0,-0.5,0,1,0,
C0770,J0103,0.0,-1.0,0,1,0,
C0771,J0126,1.0,-0.5,1,0,1,5.0
C0771,J0114,0.2,-0.5,0,0,0,
C0772,J0008,0.8,1.4,1,1,0,
C0772,J0053,0.0,2.4,0,1,0,
C0772,J0129,0.67,-2.6,1,1,0,
C0772,J0081,0.0,2.4,0,1,0,
C0773,J0022,0.4,-4.4,1,0,0,
C0773,J0089,0.0,0.6,0,0,1,22.0
C0774,J0146,0.0,-0.1,0,0,0,
C0774,J0022,0.0,-6.6,0,0,0,
C0774,J0034,0.6,-1.6,1,0,0,
C0775,J0111,0.0,-0.7,0,0,0,
C0775,J0014,0.0,-3.7,0,0,0,
C0775,J0060,0.4,-5.7,1,0,0,
C0775,J0028,0.2,0.3,0,0,0,
C0776,J0111,0.0,-0.6,0,0,0,
C0776,J0023,0.0,-0.6,0,0,0,
C0776,J0140,0.0,-1.6,0,0,0,
C0777,J0052,0.0,-4.6,0,1,0,
C0777,J0082,0.0,-0.6,0,1,0,
C0778,J0040,0.4,4.9,0,1,0,
C0778,J0111,0.25,4.9,0,1,1,28.0
C0778,J0118,1.0,5.9,1,1,1,19.0
C0779,J0148,0.0,-1.3,0,1,0,
C0779,J0032,0.33,-0.3,0,1,0,
C0779,J0005,0.0,-4.3,0,1,0,
C0779,J0008,0.8,-2.3,1,1,0,
C0780,J0024,0.33,-2.2,0,0,0,
C0780,J0025,0.0,-1.2,0,0,0,
C0780,J0136,0.0,-0.2,0,0,0,
C0780,J0146,0.0,0.3,0,0,0,
C0781,J0094,0.67,-0.3,1,0,1,15.0
C0781,J0026,0.0,-0.3,0,0,0,
C0782,J0066,1.0,7.6,1,1,1,13.0
C0782,J0079,0.25,7.6,0,1,0,
C0782,J0143,0.0,6.6,0,1,1,38.0
C0783,J0105,0.0,2.6,0,1,1,25.0
C0783,J0117,0.0,-1.9,0,1,0,
C0783,J0018,0.4,2.6,0,1,1,35.0
C0784,J0150,0.0,-0.2,0,0,0,
C0784,J0002,0.0,-6.2,0,0,0,
C0785,J0054,0.0,0.6,0,0,0,
C0785,J0009,0.0,-1.4,0,0,1,33.0
C0785,J0112,0.0,3.6,0,0,0,
C0785,J0029,0.0,2.6,0,0,0,
C0786,J0097,0.0,0.0,0,0,0,
C0786,J0079,0.0,4.0,0,0,1,31.0
C0786,J0111,0.0,3.0,0,0,0,
C0786,J0052,0.0,-2.0,0,0,0,
C0787,J0090,0.0,2.1,0,1,1,31.0
C0787,J0148,0.0,1.1,0,1,0,
C0788,J0116,0.25,-1.0,1,1,0,
C0788,J0149,0.0,-2.0,0,1,0,
C0789,J0075,0.0,2.5,0,1,0,
C0789,J0006,0.0,0.5,0,1,0,
C0790,J0140,0.2,0.0,0,0,1,30.0
C0790,J0043,0.2,-4.0,0,0,0,
C0791,J0030,0.33,-0.9,0,0,0,
C0791,J0093,0.2,-0.9,0,0,0,
C0791,J0064,0.5,0.1,1,0,0,
C0791,J0014,0.25,-3.9,0,0,0,
C0792,J0005,0.67,-1.6,1,0,0,
C0792,J0055,0.0,2.4,0,0,0,
C0793,J0076,0.0,3.3,0,0,0,
C0793,J0123,0.0,-0.7,0,0,0,
C0793,J0046,0.0,2.3,0,0,0,
C0794,J0057,0.0,-4.9,0,0,0,
C0794,J0014,0.0,-4.9,0,0,0,
C0794,J0125,0.0,-0.9,0,0,0,
C0795,J0096,0.5,5.8,0,0,0,
C0795,J0135,1.0,6.3,1,0,0,
C0795,J0120,0.25,3.8,0,0,0,
C0795,J0116,0.25,4.8,0,0,0,
C0796,J0089,0.0,2.7,0,0,0,
C0796,J0141,0.0,4.2,0,0,0,
C0796,J0085,0.0,2.7,0,0,0,
C0796,J0099,0.0,3.7,0,0,0,
C0797,J0109,0.0,-0.7,0,0,0,
C0797,J0091,0.0,-6.7,0,0,0,
C0798,J0072,0.67,1.7,1,0,1,25.0
C0798,J0021,0.0,2.7,0,0,0,
C0798,J0010,0.75,0.7,1,0,1,20.0
C0799,J0083,0.8,0.8,1,0,1,18.0
C0799,J0025,0.0,-0.2,0,0,0,
C0799,J0008,0.2,-1.2,0,0,0,
C0799,J0065,0.67,-5.2,1,0,1,21.0
C0800,J0139,0.0,1.9,0,0,0,
C0800,J0027,0.0,-4.1,0,0,0,
C0800,J0007,0.2,1.9,0,0,0,
